barcode,temp,Count
N1032   ,31.0,0.7659016994374945
N1032   ,31.67,0.7449467844093692
N1032   ,32.11,0.6900861046343714
N1032   ,32.41,0.622274575140626
N1032   ,32.6,0.5674138953656283
N1032   ,33.07,0.546458980337503
N1032   ,33.05,0.5674138953656281
N1032   ,33.03,0.6222745751406261
N1032   ,33.02,0.6900861046343714
N1032   ,33.35,0.7449467844093692
N1032   ,33.23,0.7659016994374945
N1032   ,32.82,0.7449467844093692
N1032   ,32.88,0.6874467844093692
N1032   ,32.92,0.6077254248593734
N1032   ,33.28,0.5235942352531272
N1032   ,32.85,0.4496352549156241
N1032   ,32.9,0.39322949016875147
N1032   ,32.93,0.35423762078750726
N1032   ,32.62,0.3278647450843757
N1032   ,32.75,0.30890576474687254
N1032   ,32.83,0.29446304564688097
N1032   ,32.89,0.2845491502812526
N1032   ,32.59,0.2809016994374947
N1032   ,32.73,0.28454915028125255
N1032   ,32.82,0.29409830056250513
N1032   ,32.88,0.3059016994374947
N1032   ,33.25,0.3150861046343715
N1032   ,33.17,0.3164589803375031
N1032   ,33.11,0.3060410196624967
N1032   ,32.74,0.283176274578121
N1032   ,32.83,0.25182372542187886
N1032   ,32.89,0.22050406530937783
N1032   ,32.92,0.19999999999999993
N1032   ,32.95,0.19859423525312728
N1032   ,33.3,0.21763932022500201
N1032   ,33.2,0.25036474508437573
N1032   ,33.13,0.2846352549156241
N1032   ,33.42,0.30854101966249675
N1032   ,33.28,0.3152254248593736
N1032   ,33.19,0.3046352549156241
N1032   ,33.13,0.2825861046343715
N1032   ,33.08,0.2571352549156241
N1032   ,33.39,0.23454915028125253
N1032   ,33.93,0.2182294901687515
N1032   ,35.28,0.20977457514062622
N1032   ,35.52,0.20940983005625047
N1032   ,36.35,0.21595491502812517
N1032   ,36.9,0.22741389536562837
N1032   ,37.93,0.24190983005625044
N1032   ,38.96,0.2578115294937452
N1032   ,39.64,0.2728647450843757
N1032   ,40.09,0.28432372542187884
N1032   ,40.39,0.29031152949374517
N1032   ,40.6,0.29031152949374517
N1032   ,40.73,0.2846884705062546
N1032   ,40.82,0.275139320225002
N1032   ,40.55,0.2649467844093694
N1032   ,40.7,0.2571352549156241
N1032   ,41.13,0.25255321559063043
N1032   ,41.42,0.2503647450843757
N1032   ,41.61,0.2500861046343715
N1032   ,41.74,0.252639320225002
N1032   ,41.5,0.25968847050625465
N1032   ,41.66,0.27272542485937357
N1032   ,41.78,0.29236067977499774
N1032   ,42.18,0.3166844051968767
N1032   ,42.46,0.34022542485937357
N1032   ,42.97,0.35604101966249674
N1032   ,43.31,0.3594098300562504
N1032   ,43.21,0.34986067977499785
N1032   ,43.14,0.330676274578121
N1032   ,43.09,0.3070491502812525
N1032   ,43.06,0.28454915028125255
N1032   ,43.04,0.2675861046343715
N1032   ,43.69,0.2574999999999999
N1032   ,43.8,0.25255321559063043
N1032   ,43.86,0.2503647450843757
N1032   ,43.91,0.2497213595499957
N1032   ,43.94,0.24999999999999992
N1032   ,43.96,0.24991389536562833
N1032   ,44.31,0.24772542485937357
N1032   ,44.2,0.24258610463437147
N1032   ,44.47,0.23477457514062622
N1032   ,44.31,0.22550406530937783
N1032   ,44.88,0.2178647450843757
N1032   ,45.25,0.21654508497187466
N1032   ,45.17,0.2246352549156241
N1032   ,45.11,0.2403647450843757
N1032   ,45.41,0.25727457514062624
N1032   ,45.6,0.2679508497187473
N1032   ,45.4,0.2679508497187472
N1032   ,44.94,0.25727457514062624
N1032   ,44.96,0.2403647450843757
N1032   ,45.64,0.2246352549156241
N1032   ,45.76,0.21654508497187466
N1032   ,45.84,0.21786474508437573
N1032   ,46.23,0.22513932022500205
N1032   ,46.15,0.2324999999999999
N1032   ,46.43,0.23545084971874727
N1032   ,46.62,0.2324999999999999
N1032   ,46.75,0.22477457514062624
N1032   ,46.83,0.2155901699437494
N1032   ,46.89,0.20940983005625044
N1032   ,46.93,0.20940983005625047
N1032   ,46.95,0.21559016994374938
N1032   ,46.97,0.22513932022500205
N1032   ,46.98,0.23477457514062625
N1032   ,46.99,0.2425861046343715
N1032   ,47.32,0.24772542485937357
N1032   ,47.55,0.24991389536562833
N1032   ,47.7,0.24999999999999992
N1032   ,48.13,0.2497213595499957
N1032   ,47.76,0.24999999999999992
N1032   ,47.84,0.2502786404500041
N1032   ,48.22,0.24999999999999992
N1032   ,48.15,0.2500861046343715
N1032   ,48.43,0.252639320225002
N1032   ,48.62,0.25968847050625465
N1032   ,48.75,0.2723606797749978
N1032   ,49.17,0.28972135954999567
N1032   ,49.11,0.30727457514062617
N1032   ,50.07,0.31786474508437573
N1032   ,49.72,0.315676274578121
N1032   ,49.48,0.2998606797749978
N1032   ,49.32,0.2747745751406262
N1032   ,49.55,0.2474999999999999
N1032   ,50.03,0.22463525491562414
N1032   ,50.35,0.20977457514062625
N1032   ,50.57,0.20300406530937784
N1032   ,51.05,0.2030040653093778
N1032   ,51.36,0.20940983005625044
N1032   ,51.24,0.22236067977499782
N1032   ,51.16,0.2403647450843757
N1032   ,51.11,0.2595491502812525
N1032   ,51.41,0.2750861046343715
N1032   ,51.27,0.28317627457812095
N1032   ,51.51,0.28241389536562833
N1032   ,51.68,0.2747745751406262
N1032   ,51.45,0.2649467844093694
N1032   ,51.3,0.2571352549156241
N1032   ,51.2,0.25255321559063043
N1032   ,51.47,0.2503647450843757
N1032   ,51.98,0.2497213595499957
N1032   ,51.99,0.24999999999999992
N1032   ,52.66,0.2502786404500041
N1032   ,52.44,0.24999999999999992
N1032   ,52.96,0.2497213595499957
N1032   ,52.97,0.24999999999999992
N1032   ,53.31,0.2502786404500041
N1032   ,53.54,0.24999999999999992
N1032   ,53.03,0.2497213595499957
N1032   ,53.02,0.24999999999999992
N1032   ,53.35,0.2502786404500041
N1032   ,52.56,0.24999999999999992
N1032   ,52.71,0.2500861046343715
N1032   ,53.14,0.252639320225002
N1032   ,53.76,0.25968847050625465
N1032   ,54.17,0.27272542485937357
N1032   ,54.45,0.29236067977499774
N1032   ,54.3,0.3166844051968767
N1032   ,54.53,0.34059016994374935
N1032   ,55.02,0.35831559480312297
N1032   ,55.01,0.3669098300562504
N1032   ,55.01,0.36772542485937354
N1032   ,55.01,0.36522542485937354
N1032   ,55.0,0.36381966011250094
N1032   ,55.0,0.3652254248593736
N1032   ,55.34,0.36772542485937354
N1032   ,55.56,0.3669098300562504
N1032   ,55.37,0.358315594803123
N1032   ,55.25,0.34059016994374935
N1032   ,55.5,0.31668440519687674
N1032   ,55.33,0.2923606797749978
N1032   ,55.89,0.27309016994374935
N1032   ,56.26,0.26196304564688094
N1032   ,56.51,0.25977457514062624
N1032   ,57.0,0.265676274578121
N1032   ,56.67,0.27741389536562827
N1032   ,56.45,0.29182372542187884
N1032   ,56.63,0.3059016994374947
N1032   ,56.75,0.3177254248593736
N1032   ,57.17,0.3262335554781294
N1032   ,57.45,0.33104101966249677
N1032   ,57.63,0.3329508497187473
N1032   ,57.75,0.3333688103937536
N1032   ,57.5,0.3333155948031231
N1032   ,57.34,0.33331559480312306
N1032   ,57.22,0.3333688103937536
N1032   ,57.48,0.3333155948031231
N1032   ,57.99,0.33331559480312306
N1032   ,57.99,0.3337335554781294
N1032   ,57.99,0.33559016994374935
N1032   ,58.66,0.34045084971874723
N1032   ,58.44,0.34895898033750306
N1032   ,58.29,0.3603647450843756
N1032   ,58.2,0.3725861046343714
N1032   ,58.46,0.38213525491562406
N1032   ,58.98,0.3860942352531272
N1032   ,59.32,0.38477457514062613
N1032   ,59.54,0.381995934690622
N1032   ,59.36,0.38309016994374934
N1032   ,59.24,0.39159830056250516
N1032   ,59.49,0.4071352549156241
N1032   ,60.0,0.4259016994374946
N1032   ,60.0,0.44204915028125247
N1032   ,60.0,0.4501393202250019
N1032   ,60.0,0.4484016994374946
N1032   ,60.33,0.4392705098312482
N1032   ,60.56,0.42704915028125245
N1032   ,60.37,0.4159549150281251
N1032   ,60.58,0.40940983005625037
N1032   ,60.39,0.40977457514062615
N1032   ,60.59,0.4182294901687514
N1032   ,61.06,0.43454915028125246
N1032   ,61.04,0.45713525491562407
N1032   ,61.36,0.48295084971874713
N1032   ,61.24,0.5072745751406261
N1032   ,62.16,0.524635254915624
N1032   ,62.44,0.5309016994374945
N1032   ,62.29,0.5249999999999998
N1032   ,62.53,0.5095491502812525
N1032   ,62.35,0.4904508497187472
N1032   ,62.57,0.474635254915624
N1032   ,62.71,0.4668237254218788
N1032   ,62.47,0.4682294901687514
N1032   ,62.65,0.4774999999999998
N1032   ,62.77,0.49227457514062617
N1032   ,62.84,0.5103647450843756
N1032   ,63.23,0.529635254915624
N1032   ,63.49,0.5469959346906219
N1032   ,63.66,0.5579508497187473
N1032   ,63.11,0.5574999999999999
N1032   ,63.74,0.5427254248593736
N1032   ,63.49,0.515815594803123
N1032   ,63.66,0.4841844051968767
N1032   ,64.11,0.45727457514062614
N1032   ,64.4,0.4428647450843756
N1032   ,64.6,0.44432372542187876
N1032   ,65.07,0.460139320225002
N1032   ,65.05,0.48559016994374926
N1032   ,65.03,0.5147745751406262
N1032   ,65.02,0.5424999999999999
N1032   ,65.01,0.5654508497187472
N1032   ,65.01,0.582135254915624
N1032   ,64.67,0.5924999999999998
N1032   ,65.12,0.5977254248593735
N1032   ,65.41,0.5996352549156241
N1032   ,65.61,0.5999999999999999
N1032   ,65.4,0.5999999999999999
N1032   ,65.6,0.5999999999999998
N1032   ,65.74,0.5999999999999999
N1032   ,66.16,0.5999999999999999
N1032   ,66.44,0.5999999999999999
N1032   ,66.63,0.5999999999999999
N1032   ,67.08,0.6003647450843755
N1032   ,67.06,0.602639320225002
N1032   ,67.37,0.6097745751406262
N1032   ,67.58,0.6249999999999998
N1032   ,67.39,0.6497745751406261
N1032   ,67.26,0.6822745751406262
N1032   ,66.17,0.7173606797749976
N1032   ,66.45,0.7475861046343714
N1032   ,66.97,0.7655901699437493
N1032   ,67.31,0.7674999999999998
N1032   ,67.54,0.7547213595499955
N1032   ,68.03,0.7329508497187472
N1032   ,68.35,0.7096884705062545
N1032   ,68.57,0.6920491502812525
N1032   ,68.38,0.6858155948031228
N1032   ,68.59,0.6943237254218786
N1032   ,68.39,0.7168237254218786
N1032   ,68.59,0.7485410196624965
N1032   ,68.4,0.7821352549156239
N1032   ,68.93,0.809774575140626
N1032   ,69.29,0.8260410196624965
N1032   ,69.52,0.8298606797749976
N1032   ,69.68,0.8244098300562501
N1032   ,69.46,0.8152254248593733
N1032   ,69.64,0.8071352549156239
N1032   ,69.42,0.8026393202250017
N1032   ,69.62,0.8030040653093776
N1032   ,70.08,0.8097745751406261
N1032   ,70.05,0.8249999999999997
N1032   ,70.7,0.849774575140626
N1032   ,70.8,0.882274575140626
N1032   ,70.87,0.9177254248593735
N1032   ,71.24,0.9502254248593734
N1032   ,71.16,0.9749999999999995
N1032   ,71.44,0.9902254248593733
N1032   ,71.63,0.9973606797749975
N1032   ,71.42,0.9996352549156239
N1032   ,71.61,0.9999999999999997
N1032   ,71.74,0.9999999999999997
N1032   ,71.49,1.0003647450843753
N1032   ,71.33,1.0026393202250017
N1032   ,70.89,1.0094098300562502
N1032   ,71.59,1.0223606797749976
N1032   ,72.06,1.0403647450843754
N1032   ,72.04,1.0595491502812522
N1032   ,72.36,1.075086104634371
N1032   ,72.57,1.084270509831248
N1032   ,72.38,1.0899671109562585
N1032   ,72.25,1.1014589803375028
N1032   ,72.5,1.1301722092687427
N1032   ,73.0,1.1814589803375024
N1032   ,73.33,1.248872875703131
N1032   ,73.56,1.3163525491562416
N1032   ,73.37,1.365762379212492
N1032   ,73.58,1.384549150281252
N1032   ,73.72,1.3710410196624963
N1032   ,73.81,1.3344427190999912
N1032   ,73.88,1.2886803398874984
N1032   ,74.25,1.2452786404500036
N1032   ,74.17,1.2101393202250017
N1032   ,73.78,1.1853647450843754
N1032   ,73.85,1.1727786404500038
N1032   ,73.9,1.1743237254218784
N1032   ,73.93,1.190225424859373
N1032   ,73.96,1.218229490168751
N1032   ,74.3,1.2540983005625048
N1032   ,74.54,1.2929508497187467
N1032   ,74.69,1.3310410196624962
N1032   ,74.79,1.3662335554781289
N1032   ,75.2,1.3969959346906213
N1032   ,75.13,1.420987804071866
N1032   ,75.09,1.434549150281252
N1032   ,75.72,1.4349138953656277
N1032   ,76.15,1.423627124296868
N1032   ,76.77,1.407135254915624
N1032   ,76.84,1.394237620787507
N1032   ,76.56,1.3928647450843752
N1032   ,76.71,1.4073606797749971
N1032   ,76.81,1.437188470506254
N1032   ,76.87,1.4777786404500035
N1032   ,76.91,1.5225861046343712
N1032   ,76.94,1.565086104634371
N1032   ,77.29,1.6001393202250014
N1032   ,77.2,1.6253647450843751
N1032   ,77.13,1.642586104634371
N1032   ,77.09,1.6571352549156235
N1032   ,77.06,1.6749138953656277
N1032   ,77.04,1.699774575140626
N1032   ,77.03,1.7319959346906217
N1032   ,77.02,1.7680901699437488
N1032   ,78.01,1.8027786404500037
N1032   ,78.01,1.8324999999999994
N1032   ,78.01,1.8578115294937447
N1032   ,78.34,1.88190983005625
N1032   ,78.22,1.9070491502812519
N1032   ,78.48,1.9329508497187466
N1032   ,78.32,1.9573606797749974
N1032   ,78.88,1.9776393202250013
N1032   ,79.25,1.9932294901687508
N1032   ,79.17,2.007135254915623
N1032   ,79.11,2.024999999999999
N1032   ,78.74,2.0524138953656275
N1032   ,79.16,2.0916844051968755
N1032   ,79.44,2.14008610463437
N1032   ,79.63,2.1902254248593724
N1032   ,79.42,2.232274575140625
N1032   ,79.61,2.2585410196624958
N1032   ,79.74,2.2679508497187464
N1032   ,80.16,2.267049150281252
N1032   ,80.11,2.2680040653093774
N1032   ,80.07,2.284184405196876
N1032   ,80.71,2.3238196601125
N1032   ,81.14,2.385364745084375
N1032   ,81.43,2.4576393202250015
N1032   ,81.62,2.524860679774997
N1032   ,81.41,2.5736271242968676
N1032   ,81.28,2.597725424859373
N1032   ,81.52,2.600139320225001
N1032   ,81.68,2.592725424859373
N1032   ,81.79,2.591545084971874
N1032   ,81.86,2.609688470506254
N1032   ,82.24,2.6518237254218784
N1032   ,82.49,2.7123606797749975
N1032   ,82.33,2.778315594803122
N1032   ,82.55,2.8355040653093773
N1032   ,82.37,2.875225424859373
N1032   ,82.58,2.898401699437494
N1032   ,82.72,2.914184405196876
N1032   ,82.48,2.9339589803375024
N1032   ,82.65,2.965450849718746
N1032   ,82.77,3.010139320225001
N1032   ,82.85,3.0651925358156316
N1032   ,82.9,3.1278647450843753
N1032   ,82.93,3.197950849718747
N1032   ,83.62,3.2768237254218784
N1032   ,84.08,3.3641844051968754
N1032   ,84.05,3.455536954353118
N1032   ,84.04,3.542360679774997
N1032   ,84.02,3.6140450849718735
N1032   ,84.02,3.6613525491562413
N1032   ,84.01,3.6803115294937445
N1032   ,84.34,3.6741844051968755
N1032   ,84.56,3.6536803398874973
N1032   ,84.71,3.635139320225001
N1032   ,84.8,3.636147450843757
N1032   ,85.2,3.670278640450003
N1032   ,85.14,3.742413895365628
N1032   ,85.42,3.846598300562504
N1032   ,85.28,3.968819660112499
N1032   ,85.52,4.093090169943748
N1032   ,86.01,4.207135254915623
N1032   ,86.01,4.305311529493744
N1032   ,86.01,4.387586104634369
N1032   ,86.0,4.456909830056247
N1032   ,86.0,4.517725424859371
N1032   ,86.34,4.575225424859371
N1032   ,86.56,4.634184405196875
N1032   ,86.7,4.697499999999996
N1032   ,86.8,4.764860679774994
N1032   ,86.87,4.832499999999996
N1032   ,86.91,4.8957294901687485
N1032   ,86.94,4.952864745084374
N1032   ,86.96,5.007499999999998
N1032   ,87.31,5.067639320224999
N1032   ,87.2,5.141458980337502
N1032   ,87.14,5.231770509831246
N1032   ,87.42,5.333680339887499
N1032   ,87.95,5.437188470506252
N1032   ,87.63,5.532725424859372
N1032   ,87.76,5.616856614465619
N1032   ,87.84,5.694463045646877
N1032   ,87.89,5.776233555478129
N1032   ,88.59,5.873401699437493
N1032   ,89.06,5.991458980337502
N1032   ,89.04,6.12637287570313
N1032   ,88.69,6.266856614465619
N1032   ,88.8,6.399721359549994
N1032   ,88.86,6.514774575140624
N1032   ,89.24,6.60890576474687
N1032   ,89.5,6.686631189606245
N1032   ,89.0,6.7560410196624945
N1032   ,89.33,6.823315594803121
N1032   ,89.55,6.88954915028125
N1032   ,89.7,6.952864745084374
N1032   ,89.8,7.013680339887497
N1032   ,90.2,7.0764589803375
N1032   ,90.47,7.148004065309376
N1032   ,90.64,7.234774575140624
N1032   ,90.76,7.3380901699437455
N1032   ,90.84,7.451041019662495
N1032   ,91.23,7.561823725421876
N1032   ,91.15,7.661598300562503
N1032   ,91.1,7.751491869381241
N1032   ,91.07,7.842864745084373
N1032   ,91.05,7.949741686096883
N1032   ,91.7,8.08081559480312
N1032   ,92.13,8.236180339887497
N1032   ,92.09,8.40892609129376
N1032   ,92.39,8.591094235253124
N1032   ,92.26,8.77899186938124
N1032   ,93.17,8.972413895365625
N1032   ,92.45,9.168905764746869
N1032   ,91.97,9.358209163621858
N1032   ,90.64,9.522586104634367
N1032   ,92.1,9.646094235253122
N1032   ,92.73,9.72649186938124
N1032   ,92.82,9.779356614465616
N1032   ,92.88,9.83086881039375
N1032   ,92.92,9.904688470506251
N1032   ,93.28,10.011684405196874
N1032   ,93.52,10.147639320224998
N1032   ,93.68,10.299098300562504
N1032   ,93.79,10.453508130618749
N1032   ,94.19,10.60713525491562
N1032   ,94.46,10.76508610463437
N1032   ,94.31,10.934323725421876
N1032   ,94.2,11.11682372542188
N1032   ,94.14,11.308541019662494
N1032   ,94.42,11.502499999999996
N1032   ,94.62,11.691684405196874
N1032   ,94.74,11.871266444521867
N1032   ,94.83,12.04022542485937
N1032   ,94.89,12.200364745084372
N1032   ,95.26,12.353627124296864
N1032   ,95.51,12.500954915028123
N1032   ,95.67,12.64401219592813
N1032   ,95.11,12.788680339887494
N1032   ,95.41,12.94595491502812
N1032   ,95.61,13.128335921350008
N1032   ,96.4,13.345053215590626
N1032   ,96.6,13.597586104634367
N1032   ,96.74,13.875729490168746
N1032   ,96.82,14.158819660112496
N1032   ,96.55,14.423766444521863
N1032   ,96.37,14.654582039324989
N1032   ,96.91,14.848036954353116
N1032   ,96.94,15.012360679774993
N1032   ,96.96,15.16154508497187
N1032   ,97.64,15.310225424859368
N1032   ,97.76,15.47027864045
N1032   ,97.84,15.649967110956256
N1032   ,97.56,15.855643385534373
N1032   ,97.71,16.092049150281248
N1032   ,97.8,16.359323725421874
N1032   ,97.87,16.650139320224998
N1032   ,98.25,16.95059016994374
N1032   ,98.16,17.246319660112494
N1032   ,98.11,17.530504065309373
N1032   ,98.07,17.807135254915615
N1032   ,98.38,18.086631189606237
N1032   ,98.92,18.375815594803115
N1032   ,99.28,18.669131189606237
N1032   ,99.19,18.948627124296856
N1032   ,99.12,19.193905764746862
N1032   ,99.08,19.39631966011249
N1032   ,99.06,19.568454915028113
N1032   ,99.04,19.74109423525312
N1032   ,99.69,19.94814338553437
N1032   ,99.79,20.2090983005625
N1032   ,100.2,20.519688470506246
N1032   ,100.8,20.85609423525312
N1032   ,100.86,21.190139320224997
N1032   ,100.91,21.50586881039375
N1032   ,100.61,21.806770509831242
N1032   ,100.4,22.109721359549994
N1032   ,100.94,22.431233555478126
N1032   ,100.96,22.7765983005625
N1032   ,100.97,23.138905764746866
N1032   ,100.98,23.505729490168743
N1032   ,101.32,23.867188470506242
N1032   ,101.55,24.220676274578118
N1032   ,101.7,24.56862712429686
N1032   ,101.8,24.910676274578112
N1032   ,102.2,25.23840169943749
N1032   ,102.13,25.538541019662485
N1032   ,102.42,25.802725424859364
N1032   ,102.28,26.035311529493736
N1032   ,102.19,26.25236067977499
N1032   ,102.12,26.4740983005625
N1032   ,102.08,26.717188470506244
N1032   ,102.06,26.99013932022499
N1032   ,103.04,27.294012195928122
N1032   ,103.02,27.629569476828134
N1032   ,102.68,28.005245751406253
N1032   ,102.79,28.436094235253115
N1032   ,103.19,28.931094235253113
N1032   ,103.46,29.47960236587187
N1032   ,103.64,30.049635254915614
N1032   ,104.09,30.59938950350935
N1032   ,104.4,31.093487804071852
N1032   ,104.26,31.514721359549984
N1032   ,104.18,31.867479673453104
N1032   ,104.45,32.1712993335656
N1032   ,104.3,32.448454915028115
N1032   ,104.2,32.71696304564687
N1032   ,104.47,32.99474168609687
N1032   ,104.98,33.30583592135
N1032   ,105.65,33.67732779073124
N1032   ,105.43,34.12724168609687
N1032   ,105.29,34.65274575140625
N1032   ,105.86,35.22758610463436
N1032   ,105.57,35.8103976341281
N1032   ,106.05,36.35954915028123
N1032   ,106.37,36.848123058987476
N1032   ,106.24,37.271471542834334
N1032   ,105.83,37.642586104634354
N1032   ,106.22,37.981684405196866
N1032   ,106.48,38.308627124296855
N1032   ,106.32,38.63772542485936
N1032   ,106.55,38.97454915028124
N1032   ,106.36,39.31690983005624
N1032   ,106.58,39.65881966011249
N1032   ,107.05,39.99618033988749
N1032   ,107.03,40.33182372542187
N1032   ,107.36,40.67665151615313
N1032   ,107.24,41.046319660112495
N1032   ,107.16,41.45295084971873
N1032   ,107.44,41.89665151615312
N1032   ,107.63,42.36555728089999
N1032   ,107.75,42.84362712429686
N1032   ,107.83,43.317950849718734
N1032   ,107.89,43.78232779073124
N1032   ,107.59,44.236995934690604
N1032   ,107.73,44.68452882373435
N1032   ,107.82,45.12390576474686
N1032   ,107.88,45.54800406530936
N1032   ,108.25,45.94803695435309
N1032   ,108.5,46.32112712429686
N1032   ,108.67,46.67432372542187
N1032   ,109.11,47.02131966011249
N1032   ,109.07,47.37480746418436
N1032   ,109.05,47.739045084971856
N1032   ,109.37,48.10609423525311
N1032   ,109.58,48.4605369543531
N1032   ,109.72,48.792413895365605
N1032   ,109.81,49.110749816715625
N1032   ,109.87,49.44951626123749
N1032   ,109.92,49.8568769410125
N1032   ,109.61,50.368786771068734
N1032   ,109.74,50.98373355547811
N1032   ,109.83,51.6530369543531
N1032   ,110.22,52.293971542834335
N1032   ,110.48,52.822426457862456
N1032   ,110.65,53.18820916362184
N1032   ,110.77,53.3968362879187
N1032   ,110.85,53.507028823734345
N1032   ,110.9,53.60100813061874
N1032   ,110.93,53.745729490168735
N1032   ,110.95,53.96741389536562
N1032   ,111.64,54.249065411518735
N1032   ,112.09,54.551233555478106
N1032   ,112.39,54.84118033988748
N1032   ,112.26,55.112831856040614
N1032   ,112.84,55.39033185604061
N1032   ,112.56,55.71336881039373
N1032   ,112.71,56.11269253581561
N1032   ,112.8,56.59383998665936
N1032   ,112.87,57.13665151615311
N1032   ,112.91,57.70503288904372
N1032   ,113.28,58.25916407864997
N1032   ,113.18,58.762446784409356
N1032   ,113.46,59.18369290238433
N1032   ,113.3,59.498951216287445
N1032   ,113.2,59.69466814395935
N1032   ,113.14,59.77399186938123
N1032   ,113.42,59.76192239255309
N1032   ,113.95,59.70053695435309
N1032   ,113.97,59.63684405196875
N1032   ,113.98,59.6118769410125
N1032   ,113.98,59.65104101966248
N1032   ,113.99,59.75783185604062
N1032   ,113.99,59.914204731743745
N1032   ,114.0,60.087532889043715
N1032   ,114.66,60.24147154283433
N1032   ,115.11,60.34536474508436
N1032   ,115.07,60.38286474508434
N1032   ,115.38,60.36020509831246
N1032   ,115.59,60.304356614465604
N1032   ,115.06,60.24718847050624
N1032   ,115.37,60.20744678440935
N1032   ,115.58,60.180397634128106
N1032   ,115.39,60.14031152949372
N1032   ,115.59,60.056770509831225
N1032   ,115.73,59.916823725421864
N1032   ,115.82,59.74159830056249
N1032   ,115.88,59.585471176265614
N1032   ,115.92,59.51316371208125
N1032   ,115.95,59.566512195928105
N1032   ,116.3,59.73904508497186
N1032   ,116.86,59.973143385534364
N1032   ,117.24,60.18545084971873
N1032   ,117.5,60.3055166278062
N1032   ,118.0,60.30265188272183
N1032   ,117.66,60.191127124296855
N1032   ,117.44,60.017499999999984
N1032   ,117.96,59.83621322893122
N1032   ,117.97,59.68494678440935
N1032   ,117.98,59.5724342219125
N1032   ,117.99,59.48474168609686
N1032   ,117.99,59.40029120294684
N1032   ,118.0,59.29725424859372
N1032   ,118.0,59.15555728089999
N1032   ,118.0,58.96281152949372
N1032   ,118.33,58.7189183272437
N1032   ,118.89,58.43180339887497
N1032   ,118.93,58.10937694101249
N1032   ,118.95,57.75744678440935
N1032   ,119.3,57.38293052317184
N1032   ,119.53,56.99322949016873
N1032   ,119.36,56.59159830056249
N1032   ,119.24,56.1764386537906
N1032   ,119.49,55.74312305898747
N1032   ,119.66,55.284999999999975
N1032   ,120.11,54.797135254915595
N1032   ,120.07,54.283090169943726
N1032   ,120.05,53.75772542485936
N1032   ,120.03,53.238627124296855
N1032   ,120.02,52.73163118960622
N1032   ,120.01,52.22477457514061
N1032   ,120.34,51.69772542485935
N1032   ,120.23,51.139774575140606
N1032   ,120.49,50.56305728089999
N1032   ,120.66,50.00100813061874
N1032   ,120.77,49.49036474508436
N1032   ,121.18,49.04704915028124
N1032   ,121.12,48.65373355547811
N1032   ,121.41,48.269549150281236
N1032   ,121.61,47.85303695435311
N1032   ,121.74,47.38093458848122
N1032   ,121.83,46.853401699437484
N1032   ,122.22,46.28800406530936
N1032   ,122.15,45.70812305898747
N1032   ,122.1,45.1317172942406
N1032   ,122.4,44.56706947682812
N1032   ,122.6,44.0168769410125
N1032   ,122.73,43.484164078649975
N1032   ,122.82,42.97255321559062
N1032   ,122.88,42.48352845716563
N1032   ,122.92,42.01663118960622
N1032   ,122.95,41.569303398874965
N1032   ,122.96,41.13255321559062
N1032   ,122.98,40.68940983005624
N1032   ,123.32,40.222307464184354
N1032   ,123.55,39.72477457514061
N1032   ,123.7,39.20777864044999
N1032   ,123.8,38.69463525491561
N1032   ,123.87,38.20822949016873
N1032   ,123.91,37.759098300562485
N1032   ,123.94,37.34050406530937
N1032   ,124.63,36.93345491502811
N1032   ,124.75,36.51845491502811
N1032   ,124.5,36.08522542485935
N1032   ,124.67,35.63399186938123
N1032   ,124.78,35.16958203932498
N1032   ,125.19,34.69536474508437
N1032   ,125.46,34.21350813061874
N1032   ,125.64,33.73050406530936
N1032   ,126.09,33.260139320224994
N1032   ,126.06,32.81996711095624
N1032   ,126.04,32.4245162612375
N1032   ,126.03,32.079323725421865
N1032   ,126.02,31.777864745084365
N1032   ,126.01,31.502553215590616
N1032   ,126.01,31.229270509831235
N1032   ,125.67,30.9337993335656
N1032   ,126.11,30.599495934690612
N1032   ,126.41,30.224602365871867
N1032   ,126.61,29.82567627457811
N1032   ,126.74,29.43331559480311
N1032   ,126.83,29.080298966996885
N1032   ,126.88,28.788196601125
N1032   ,126.92,28.55862712429686
N1032   ,127.61,28.372327790731248
N1032   ,128.08,28.197606431181253
N1032   ,128.05,28.005623058987478
N1032   ,127.37,27.78326237921248
N1032   ,127.58,27.53614745084375
N1032   ,127.72,27.282864745084364
N1032   ,128.15,27.04545084971874
N1032   ,128.1,26.840696601125
N1032   ,128.4,26.675696601124997
N1032   ,128.6,26.54895898033749
N1032   ,128.4,26.45592202598437
N1032   ,127.93,26.39488100632188
N1032   ,128.29,26.36727457514062
N1032   ,128.53,26.372360679774992
N1032   ,128.68,26.402327790731253
N1032   ,128.79,26.44241389536562
N1032   ,129.19,26.47489356881873
N1032   ,129.46,26.48312305898748
N1032   ,129.64,26.454045084971867
N1032   ,129.76,26.379668143959357
N1032   ,129.84,26.2572010330031
N1032   ,129.89,26.087446784409366
N1032   ,129.6,25.876372875703122
N1032   ,129.73,25.641458980337497
N1032   ,130.15,25.41491389536562
N1032   ,130.44,25.23802439185626
N1032   ,130.29,25.15063082303752
N1032   ,130.53,25.180298966996887
N1032   ,131.02,25.33255321559062
N1032   ,131.01,25.58561049649063
N1032   ,130.67,25.89429083637813
N1032   ,131.45,26.20548373876248
N1032   ,131.63,26.477028823734354
N1032   ,131.76,26.688958980337496
N1032   ,131.5,26.846491869381236
N1032   ,131.67,26.974668143959356
N1032   ,131.78,27.103958980337495
N1032   ,132.19,27.25564338553437
N1032   ,132.12,27.435504065309367
N1032   ,132.42,27.63645898033749
N1032   ,132.28,27.84727457514061
N1032   ,132.85,28.060278640449994
N1032   ,133.23,28.273454915028115
N1032   ,133.16,28.489721359549982
N1032   ,133.1,28.714967110956245
N1032   ,133.4,28.95592202598437
N1032   ,133.27,29.219356614465614
N1032   ,133.51,29.510417960675
N1032   ,133.67,29.830385071631255
N1032   ,134.12,30.17553695435311
N1032   ,134.41,30.534528823734348
N1032   ,134.27,30.884999999999984
N1032   ,134.52,31.196213228931228
N1032   ,134.34,31.437877307581218
N1032   ,134.56,31.589979673453094
N1032   ,134.38,31.651995934690607
N1032   ,134.58,31.648819660112483
N1032   ,134.72,31.628594235253114
N1032   ,134.81,31.648647450843747
N1032   ,135.54,31.753614561800003
N1032   ,135.36,31.95883998665938
N1032   ,135.57,32.24814338553437
N1032   ,135.72,32.583594235253116
N1032   ,135.81,32.922553215590625
N1032   ,135.54,33.23704915028124
N1032   ,135.69,33.52545084971874
N1032   ,135.8,33.80940983005624
N1032   ,135.2,34.11901219592813
N1032   ,135.8,34.47651219592812
N1032   ,135.87,34.88631966011249
N1032   ,136.24,35.332360679774986
N1032   ,136.5,35.78345491502811
N1032   ,136.66,36.205311529493734
N1032   ,136.78,36.572705098312476
N1032   ,136.85,36.87607390870622
N1032   ,136.9,37.122274575140615
N1032   ,136.93,37.33067627457811
N1032   ,137.29,37.525483738762475
N1032   ,137.19,37.72769253581561
N1032   ,137.46,37.9511145618
N1032   ,137.64,38.20463525491561
N1032   ,137.76,38.49659830056249
N1032   ,137.84,38.835942352531255
N1032   ,137.89,39.229827790731235
N1032   ,137.93,39.67826237921248
N1032   ,138.62,40.16769253581561
N1032   ,138.41,40.66954915028124
N1032   ,138.94,41.1472010330031
N1032   ,138.96,41.56725424859372
N1032   ,138.97,41.910450849718735
N1032   ,138.98,42.17834848384685
N1032   ,138.99,42.39239356881872
N1032   ,138.33,42.58623355547812
N1032   ,138.55,42.795106431181246
N1032   ,139.03,43.04659830056248
N1032   ,139.36,43.353594235253105
N1032   ,139.57,43.71114745084375
N1032   ,139.38,44.10142609129374
N1032   ,139.59,44.505868810393736
N1032   ,139.72,44.91567627457811
N1032   ,139.82,45.33241389536562
N1032   ,140.21,45.760643385534365
N1032   ,140.14,46.19980746418435
N1032   ,140.76,46.639077974015606
N1032   ,140.51,47.05809016994373
N1032   ,140.34,47.437499999999986
N1032   ,140.23,47.77354101966249
N1032   ,140.48,48.08427050983123
N1032   ,140.99,48.40109423525311
N1032   ,141.66,48.75159830056249
N1032   ,141.77,49.14623355547811
N1032   ,141.85,49.574635254915606
N1032   ,141.57,50.01104101966248
N1032   ,141.71,50.4272745751406
N1032   ,142.14,50.806770509831225
N1032   ,142.43,51.15048373876246
N1032   ,142.62,51.473315594803104
N1032   ,142.75,51.79510643118124
N1032   ,142.83,52.132360679774976
N1032   ,142.55,52.49340169943748
N1032   ,142.7,52.87496711095624
N1032   ,142.8,53.26199593469061
N1032   ,142.53,53.632340353228095
N1032   ,143.02,53.963176274578096
N1032   ,143.35,54.23781152949372
N1032   ,143.57,54.45320916362184
N1032   ,143.71,54.62381966011248
N1032   ,144.14,54.77923762078749
N1032   ,144.09,54.95609423525311
N1032   ,144.06,55.18533185604061
N1032   ,143.71,55.481061346209366
N1032   ,144.47,55.8346352549156
N1032   ,144.65,56.21312305898747
N1032   ,144.43,56.5664386537906
N1032   ,144.62,56.84612712429685
N1032   ,144.75,57.02840169943748
N1032   ,144.83,57.12944271909998
N1032   ,146.22,57.20218847050624
N1032   ,146.15,57.31397930688437
N1032   ,146.1,57.51769253581562
N1032   ,146.07,57.82859423525311
N1032   ,146.04,58.21833592135
N1032   ,145.7,58.63356134620937
N1032   ,145.8,59.027586104634345
N1032   ,145.86,59.38180339887497
N1032   ,145.91,59.70508610463434
N1032   ,146.27,60.01873355547811
N1032   ,146.52,60.34045084971873
N1032   ,146.68,60.674303398874976
N1032   ,146.78,61.007725424859366
N1032   ,146.86,61.317274575140615
N1032   ,146.9,61.58093458848123
N1032   ,146.94,61.78879933356559
N1032   ,146.62,61.94755321559061
N1032   ,147.08,62.08114745084374
N1032   ,147.39,62.22654508497185
N1032   ,147.59,62.419549150281235
N1032   ,148.06,62.67651219592812
N1032   ,148.04,62.98505321559061
N1032   ,148.03,63.310311529493724
N1032   ,148.02,63.61340169943747
N1032   ,148.01,63.870504065309355
N1032   ,148.67,64.08112712429684
N1032   ,148.78,64.26306984339685
N1032   ,148.86,64.43763932022499
N1032   ,148.9,64.6149138953656
N1032   ,148.6,64.78938950350934
N1032   ,149.07,64.94604101966247
N1032   ,149.05,65.07078270575937
N1032   ,149.03,65.15952882373433
N1032   ,149.35,65.2198935688187
N1032   ,149.57,65.26482779073122
N1032   ,150.05,65.30631966011248
N1032   ,150.03,65.35427050983124
N1032   ,150.02,65.41929083637811
N1032   ,150.01,65.51656541151876
N1032   ,150.01,65.66628677106876
N1032   ,150.34,65.88592202598437
N1032   ,150.56,66.17581559480311
N1032   ,150.71,66.50840169943747
N1032   ,150.8,66.83140576474686
N1032   ,151.2,67.08588137289058
N1032   ,151.14,67.22964781741246
N1032   ,151.09,67.255
N1032   ,150.73,67.19222135954998
N1032   ,151.15,67.09624611797496
N1032   ,151.43,67.02406541151875
N1032   ,151.62,67.0157701432625
N1032   ,151.75,67.08612712429687
N1032   ,151.83,67.22362712429685
N1032   ,151.89,67.39484811727813
N1032   ,152.26,67.55576237921247
N1032   ,152.17,67.66549630125932
N1032   ,153.78,67.6969959346906
N1032   ,153.52,67.6442376207875
N1032   ,153.68,67.52332815729994
N1032   ,153.45,67.3631559480312
N1032   ,152.97,67.18965558146249
N1032   ,153.31,67.01550406530936
N1032   ,153.21,66.84152475842497
N1032   ,153.47,66.66322949016872
N1032   ,153.98,66.47628677106874
N1032   ,153.99,66.28104101966247
N1032   ,153.99,66.08216814395935
N1032   ,153.99,65.8818566144656
N1032   ,154.0,65.67395898033747
N1032   ,154.0,65.4472745751406
N1032   ,154.0,65.19598780407185
N1032   ,154.33,64.92618033988747
N1032   ,154.22,64.65429083637811
N1032   ,154.81,64.40218847050623
N1032   ,154.88,64.18840169943748
N1032   ,155.25,64.0160942352531
N1032   ,155.17,63.86645898033748
N1032   ,155.11,63.70357390870621
N1032   ,155.07,63.48938950350934
N1032   ,155.38,63.20118033988748
N1032   ,155.59,62.843680339887484
N1032   ,156.06,62.45104101966247
N1032   ,156.04,62.07569660112498
N1032   ,156.03,61.767659646771875
N1032   ,156.02,61.55350813061873
N1032   ,156.01,61.42309016994374
N1032   ,156.67,61.331319660112484
N1032   ,156.78,61.21663118960623
N1032   ,157.19,61.0274796734531
N1032   ,156.79,60.74525831390309
N1032   ,156.86,60.39182372542186
N1032   ,156.91,60.01749999999998
N1032   ,156.94,59.676631189606226
N1032   ,156.63,59.40274575140624
N1032   ,157.08,59.19620066643437
N1032   ,157.39,59.030676274578106
N1032   ,157.59,58.871319660112476
N1032   ,157.73,58.69159830056248
N1032   ,157.49,58.481073908706215
N1032   ,157.66,58.24348780407184
N1032   ,157.77,57.990696601124995
N1032   ,157.85,57.737274575140596
N1032   ,158.23,57.495987804071845
N1032   ,158.49,57.272553215590605
N1032   ,158.66,57.06072949016873
N1032   ,158.77,56.841385438199964
N1032   ,158.85,56.588262379212466
N1032   ,158.9,56.28100813061874
N1032   ,158.93,55.9193566144656
N1032   ,158.96,55.528401699437474
N1032   ,159.3,55.15206947682813
N1032   ,159.54,54.83866777739063
N1032   ,159.69,54.624237620787476
N1032   ,159.79,54.51864745084373
N1032   ,159.53,54.498335921349984
N1032   ,159.69,54.5105369543531
N1032   ,160.12,54.491020693115594
N1032   ,160.42,54.38986067977497
N1032   ,160.61,54.19564338553436
N1032   ,160.74,53.94618033988749
N1032   ,160.83,53.71409830056248
N1032   ,160.88,53.570610496490616
N1032   ,160.92,53.54564338553436
N1032   ,160.95,53.60694271909997
N1032   ,160.97,53.67230746418434
N1032   ,161.31,53.64921729424059
N1032   ,161.54,53.480655948031206
N1032   ,161.69,53.170881372890584
N1032   ,161.8,52.77795084971873
N1032   ,161.86,52.38246711095624
N1032   ,161.91,52.05342202598436
N1032   ,161.94,51.82765964677188
N1032   ,161.63,51.708216927671884
N1032   ,162.08,51.67488100632186
N1032   ,162.06,51.69663118960622
N1032   ,162.37,51.740139320224976
N1032   ,162.25,51.77381966011248
N1032   ,162.5,51.77284441853747
N1032   ,162.67,51.727360679774975
N1032   ,162.78,51.64906541151875
N1032   ,163.18,51.56999999999998
N1032   ,163.79,51.5294959346906
N1032   ,163.86,51.55493422191249
N1032   ,163.91,51.64856134620936
N1032   ,163.6,51.7864386537906
N1032   ,163.4,51.92890576474685
N1032   ,163.27,52.03805728089999
N1032   ,163.51,52.09430339887496
N1032   ,164.34,52.104528823734334
N1032   ,164.56,52.09811049649062
N1032   ,164.71,52.11319660112499
N1032   ,164.8,52.18053695435309
N1032   ,164.87,52.31092202598437
N1032   ,164.91,52.4924342219125
N1032   ,164.94,52.701319660112475
N1032   ,164.96,52.91845491502809
N1032   ,164.97,53.13864745084374
N1032   ,165.32,53.368090169943734
N1032   ,165.21,53.6144959346906
N1032   ,165.14,53.87800406530936
N1032   ,165.43,54.14758610463435
N1032   ,165.62,54.40494678440935
N1032   ,165.75,54.63564338553436
N1032   ,166.16,54.83904508497185
N1032   ,166.44,55.02725424859372
N1032   ,166.63,55.214999999999975
N1032   ,167.09,55.412294901687495
N1032   ,167.06,55.62586881039373
N1032   ,167.37,55.862811529493726
N1032   ,167.25,56.129376941012495
N1032   ,167.17,56.42920473174374
N1032   ,167.44,56.764688470506236
N1032   ,167.3,57.13663118960622
N1032   ,167.53,57.54027864044998
N1032   ,167.69,57.961372875703105
N1032   ,167.46,58.37739356881872
N1032   ,167.97,58.76366001334059
N1032   ,168.31,59.10072949016873
N1032   ,168.21,59.38432372542186
N1032   ,168.47,59.63340169943747
N1032   ,168.65,59.88427050983123
N1032   ,168.77,60.17100813061874
N1032   ,168.51,60.506963045646856
N1032   ,168.67,60.87795084971873
N1032   ,169.12,61.24966814395935
N1032   ,169.08,61.58463525491561
N1032   ,169.38,61.85854101966248
N1032   ,169.59,62.06860679774996
N1032   ,170.06,62.232950849718726
N1032   ,170.04,62.38622099298125
N1032   ,170.03,62.57583592135
N1032   ,170.02,62.854827790731235
N1032   ,170.01,63.26509386868439
N1032   ,170.01,63.816844051968744
N1032   ,170.34,64.47675018328432
N1032   ,170.23,65.17236067977498
N1032   ,170.48,65.81682372542186
N1032   ,170.66,66.3452379873562
N1032   ,170.44,66.73987324227183
N1032   ,170.62,67.02972135954998
N1032   ,170.75,67.26913118960624
N1032   ,171.17,67.51090169943747
N1032   ,171.11,67.7875532155906
N1032   ,171.41,68.10592202598436
N1032   ,171.6,68.45519253581563
N1032   ,171.74,68.8212335554781
N1032   ,171.82,69.19348780407184
N1032   ,171.88,69.56157797401559
N1032   ,171.59,69.91196304564686
N1032   ,171.73,70.23126644452186
N1032   ,172.15,70.51315594803121
N1032   ,172.43,70.76255321559061
N1032   ,172.62,70.99670473174375
N1032   ,172.75,71.24486067977497
N1032   ,172.83,71.54210236587186
N1032   ,172.89,71.91849556812188
N1032   ,172.59,72.39220879705312
N1032   ,173.06,72.96819660112497
N1032   ,173.04,73.63752032654686
N1032   ,173.36,74.37454915028123
N1032   ,172.91,75.13402475842497
N1032   ,172.94,75.85506577808744
N1032   ,173.63,76.47820916362184
N1032   ,173.75,76.97062305898747
N1032   ,173.17,77.34671729424059
N1032   ,173.78,77.66918440519684
N1032   ,174.19,78.02356134620936
N1032   ,174.46,78.47769253581562
N1032   ,174.64,79.04749999999997
N1032   ,174.43,79.68786474508435
N1032   ,174.62,80.31800406530935
N1032   ,174.74,80.8696352549156
N1032   ,174.83,81.32416407864994
N1032   ,175.55,81.71279120294682
N1032   ,175.7,82.08654508497186
N1032   ,175.8,82.48443015660311
N1032   ,175.53,82.91730746418435
N1032   ,175.36,83.36938950350932
N1032   ,175.9,83.81571692767186
N1032   ,175.94,84.24675794733439
N1032   ,176.29,84.68096747752493
N1032   ,176.19,85.15272542485936
N1032   ,176.46,85.68910606461253
N1032   ,176.64,86.29805728089997
N1032   ,176.76,86.96905764746869
N1032   ,176.84,87.67474168609685
N1032   ,176.89,88.37524575140623
N1032   ,176.93,89.0310535821593
N1032   ,177.29,89.61815594803119
N1032   ,176.86,90.13606134620935
N1032   ,176.9,90.60604101966248
N1032   ,177.6,91.06247967345308
N1032   ,177.74,91.53791796067499
N1032   ,177.49,92.04564338553435
N1032   ,177.66,92.57202882373433
N1032   ,177.77,93.0872745751406
N1032   ,178.18,93.5694301566031
N1032   ,178.45,94.02440983005623
N1032   ,178.3,94.48699593469058
N1032   ,178.54,95.0004711762656
N1032   ,178.69,95.58572949016872
N1032   ,178.79,96.22006577808746
N1032   ,178.86,96.84208203932495
N1032   ,178.91,97.38263932022497
N1032   ,179.27,97.80534441853746
N1032   ,179.51,98.13098780407184
N1032   ,179.68,98.42746711095623
N1032   ,179.78,98.7724138953656
N1032   ,179.86,99.21190983005621
N1032   ,179.24,99.73696304564685
N1032   ,179.49,100.29118033988746
N1032   ,179.66,100.80472135954996
N1032   ,180.11,101.23244678440932
N1032   ,180.07,101.57220103300305
N1032   ,180.38,101.85366001334056
N1032   ,180.25,102.1105901699437
N1032   ,180.5,102.35994678440933
N1032   ,180.67,102.5988525491562
N1032   ,180.45,102.81564338553433
N1032   ,180.96,103.00769253581561
N1032   ,181.31,103.19336881039371
N1032   ,181.87,103.40572949016871
N1032   ,181.58,103.67118033988747
N1032   ,181.72,103.99114745084371
N1032   ,182.15,104.34201626123746
N1032   ,182.1,104.69317627457808
N1032   ,182.4,105.02699593469059
N1032   ,182.6,105.34665151615309
N1032   ,182.73,105.67241389536557
N1032   ,182.82,106.0276722092687
N1032   ,182.88,106.42022542485932
N1032   ,182.92,106.83555728089996
N1032   ,182.95,107.24937694101247
N1032   ,182.96,107.64612712429684
N1032   ,182.98,108.02556984339684
N1032   ,183.32,108.39286474508437
N1032   ,183.55,108.74486067977496
N1032   ,183.7,109.06596747752495
N1032   ,183.8,109.33320916362182
N1032   ,184.2,109.52923762078748
N1032   ,184.13,109.65999999999998
N1032   ,184.09,109.76135254915623
N1032   ,184.73,109.8835942352531
N1032   ,184.82,110.0626925358156
N1032   ,184.88,110.30086881039372
N1032   ,184.92,110.57196304564685
N1032   ,184.95,110.84387287570308
N1032   ,185.3,111.10036474508432
N1032   ,184.86,111.35246711095621
N1032   ,184.91,111.63274575140622
N1032   ,185.27,111.97011899367807
N1032   ,185.18,112.3607952682562
N1032   ,185.45,112.75951626123748
N1032   ,185.3,113.10053695435309
N1032   ,185.54,113.33125868047179
N1032   ,186.02,113.43256577808745
N1032   ,185.68,113.4198277907312
N1032   ,186.12,113.33352069311556
N1032   ,186.08,113.22475424859368
N1032   ,186.05,113.14012675772813
N1032   ,186.37,113.11439726755935
N1032   ,186.58,113.1712335554781
N1032   ,186.72,113.31982779073124
N1032   ,186.81,113.54395898033745
N1032   ,186.88,113.79890576474683
N1032   ,187.25,114.02677050983121
N1032   ,187.5,114.18211492836869
N1032   ,187.67,114.25239356881869
N1032   ,187.44,114.2631104964906
N1032   ,187.63,114.26814338553433
N1032   ,187.42,114.33036474508434
N1032   ,187.28,114.49913895365626
N1032   ,187.52,114.79781929354375
N1032   ,188.35,115.22724168609683
N1032   ,188.56,115.77257354213747
N1032   ,188.71,116.40633998665936
N1032   ,188.47,117.08820916362183
N1032   ,188.65,117.76242645786242
N1032   ,189.1,118.36110679774993
N1032   ,189.07,118.81936917696243
N1032   ,189.38,119.09664375210305
N1032   ,189.25,119.1936929023843
N1032   ,189.83,119.15789763412808
N1032   ,189.89,119.0704711762656
N1032   ,189.59,119.0195491502812
N1032   ,190.06,119.06968847050621
N1032   ,190.04,119.2407701432625
N1032   ,190.03,119.50993422191247
N1032   ,190.35,119.83216814395932
N1032   ,190.57,120.16204915028122
N1032   ,190.71,120.46842202598435
N1032   ,190.81,120.74472135954996
N1032   ,190.87,121.01232779073122
N1032   ,190.91,121.31535218258747
N1032   ,190.94,121.70990133286874
N1032   ,190.96,122.24849556812187
N1032   ,191.31,122.96189726755938
N1032   ,191.54,123.84019253581559
N1032   ,191.36,124.82199593469058
N1032   ,191.57,125.80840169943747
N1032   ,192.05,126.70143865379056
N1032   ,192.03,127.44332815729993
N1032   ,191.69,128.03282409199056
N1032   ,192.13,128.51348780407181
N1032   ,192.42,128.94595491502807
N1032   ,192.61,129.38340169943743
N1032   ,192.74,129.86229490168748
N1032   ,192.49,130.4102864045
N1032   ,192.66,131.06172505829062
N1032   ,192.78,131.86125388202498
N1032   ,192.85,132.84627420857183
N1032   ,193.23,134.02026607795312
N1032   ,193.49,135.3410081306187
N1032   ,193.66,136.73437694101247
N1032   ,193.77,138.12277864044995
N1032   ,193.52,139.44964781741243
N1032   ,193.68,140.68787730758118
N1032   ,193.45,141.83289763412807
N1032   ,193.63,142.89147154283432
N1032   ,194.09,143.87470103300305
N1032   ,194.39,144.7970491502812
N1032   ,194.6,145.68232779073122
N1032   ,194.73,146.56595491502807
N1032   ,194.49,147.48317627457806
N1032   ,194.66,148.45145898033746
N1032   ,194.77,149.46448337219374
N1032   ,195.18,150.5037867710687
N1032   ,195.45,151.55826237921244
N1032   ,195.64,152.63639320224996
N1032   ,195.76,153.7624013328687
N1032   ,195.84,154.95947560814366
N1032   ,195.89,156.22826237921242
N1032   ,195.59,157.53840946348748
N1032   ,195.73,158.84791796067492
N1032   ,196.15,160.13484035322804
N1032   ,196.44,161.4101064311812
N1032   ,196.62,162.70415151615308
N1032   ,196.42,164.03997967345305
N1032   ,196.61,165.40588137289055
N1032   ,196.41,166.7489386537906
N1032   ,196.94,168.00255321559055
N1032   ,196.96,169.13249999999994
N1032   ,197.31,170.1661929023843
N1032   ,197.2,171.17868033988742
N1032   ,197.47,172.24863488834683
N1032   ,197.65,173.41977457514054
N1032   ,197.76,174.68242645786245
N1032   ,197.51,175.97929083637808
N1032   ,198.01,177.24007354213745
N1032   ,198.0,178.42616001334054
N1032   ,198.34,179.55015188272182
N1032   ,198.22,180.65769253581556
N1032   ,198.48,181.79311049649058
N1032   ,198.66,182.97430339887492
N1032   ,198.77,184.18192239255305
N1032   ,198.51,185.36340169943742
N1032   ,198.34,186.45960236587183
N1032   ,198.89,187.44284441853742
N1032   ,198.93,188.33459460182178
N1032   ,198.62,189.18786474508434
N1032   ,199.08,190.05448337219374
N1032   ,199.39,190.96107390870617
N1032   ,199.92,191.89541019662494
N1032   ,199.62,192.80786474508432
N1032   ,199.74,193.63883998665932
N1032   ,200.16,194.3584674775249
N1032   ,200.78,194.98745934690615
N1032   ,200.85,195.58644641784056
N1032   ,200.9,196.22731522823432
N1032   ,201.27,196.96178307232805
N1032   ,201.18,197.7916108630593
N1032   ,201.12,198.65274575140617
N1032   ,200.75,199.43473392204677
N1032   ,200.83,200.03283665448737
N1032   ,201.22,200.40039763412807
N1032   ,201.48,200.57418440519683
N1032   ,201.65,200.66234035322805
N1032   ,201.77,200.79659830056244
N1032   ,201.51,201.06765964677183
N1032   ,201.68,201.47862712429682
N1032   ,201.78,201.94539763412806
N1032   ,201.86,202.3432623792124
N1032   ,202.24,202.5723732422718
N1032   ,202.16,202.6047871376374
N1032   ,202.11,202.49244678440925
N1032   ,202.07,202.33553695435302
N1032   ,202.05,202.22854101966243
N1032   ,202.03,202.2171555814624
N1032   ,202.69,202.28920473174367
N1032   ,202.79,202.39581559480303
N1032   ,203.19,202.48261899367802
N1032   ,203.46,202.5109878040718
N1032   ,202.98,202.45737324227179
N1032   ,202.98,202.300529190303
N1032   ,202.99,202.01383222260924
N1032   ,202.66,201.57239356881863
N1032   ,203.11,200.97523798735614
N1032   ,203.74,200.26194271909992
N1032   ,204.16,199.50277864044992
N1032   ,204.44,198.7637461179749
N1032   ,204.63,198.06588137289052
N1032   ,204.42,197.36612712429678
N1032   ,204.28,196.57824205266556
N1032   ,204.19,195.6233281572999
N1032   ,204.79,194.47848780407182
N1032   ,205.19,193.1950328890437
N1032   ,205.13,191.8709345884812
N1032   ,205.42,190.59107390870616
N1032   ,205.28,189.3732091636218
N1032   ,205.19,188.1540247584249
N1032   ,205.46,186.82879933356557
N1032   ,205.97,185.32216814395926
N1032   ,206.31,183.64317627457805
N1032   ,206.54,181.8880901699437
N1032   ,206.36,180.18786474508434
N1032   ,206.57,178.6307294901687
N1032   ,206.72,177.21050406530932
N1032   ,206.81,175.83746711095623
N1032   ,207.54,174.39963525491558
N1032   ,207.69,172.8319756081437
N1032   ,207.8,171.15045084971868
N1032   ,207.86,169.4325532155906
N1032   ,207.91,167.7612461179749
N1032   ,207.94,166.16857390870618
N1032   ,207.96,164.6157498167156
N1032   ,207.97,163.0209878040718
N1032   ,207.98,161.30780376544368
N1032   ,208.32,159.4360535821593
N1032   ,208.55,157.4060739087062
N1032   ,208.7,155.24518477176554
N1032   ,208.47,152.98718070645617
N1032   ,208.64,150.65868033988747
N1032   ,208.76,148.2822087970531
N1032   ,208.84,145.88977457514056
N1032   ,209.23,143.52708203932497
N1032   ,209.49,141.239032522475
N1032   ,209.32,139.04821692767186
N1032   ,209.55,136.94247967345308
N1032   ,209.37,134.8773935688187
N1032   ,209.24,132.79279896699686
N1032   ,209.5,130.64053695435308
N1032   ,209.66,128.4073200266812
N1032   ,210.11,126.1142705098312
N1032   ,210.07,123.79760643118124
N1032   ,210.05,121.48798373876245
N1032   ,210.37,119.19643865379057
N1032   ,210.58,116.90991389536559
N1032   ,211.05,114.60036474508432
N1032   ,211.03,112.24421729424058
N1032   ,210.69,109.84031152949369
N1032   ,211.13,107.41241389536559
N1032   ,211.42,104.99637287570309
N1032   ,211.28,102.62300406530933
N1032   ,211.52,100.30272542485935
N1032   ,211.68,98.01663118960622
N1032   ,211.45,95.72112712429684
N1032   ,211.3,93.36570916362183
N1032   ,211.53,90.91556984339684
N1032   ,212.02,88.36949593469059
N1032   ,212.35,85.76701626123747
N1032   ,212.57,83.18352845716561
N1032   ,212.04,80.71063082303749
N1032   ,212.36,78.42458980337501
N1032   ,212.58,76.3554915028125
N1032   ,212.72,74.47024575140624
N1032   ,213.14,72.67876644452184
N1032   ,213.43,70.86452882373433
N1032   ,213.29,68.92711492836871
N1032   ,213.19,66.8175986671312
N1032   ,213.46,64.55074205266558
N1032   ,213.31,62.189999999999976
N1032   ,213.87,59.81864745084373
N1032   ,213.91,57.513475241574994
N1032   ,214.61,55.32972912360001
N1032   ,214.41,53.29795861376877
N1032   ,214.6,51.427122692418756
N1032   ,214.74,49.706757947334374
N1032   ,214.49,48.10633998665938
N1032   ,214.33,46.57640576474686
N1032   ,214.55,45.05612712429686
N1032   ,215.03,43.4894959346906
N1032   ,215.36,41.84626644452185
N1032   ,215.57,40.13472135954997
N1032   ,215.71,38.39654508497186
N1032   ,216.14,36.68906541151875
N1032   ,216.1,35.064901332868764
N1032   ,216.06,33.556565411518754
N1032   ,215.71,32.170835921350005
N1032   ,216.14,30.89281929354377
N1032   ,216.43,29.69743422191251
N1032   ,216.62,28.560987804071857
N1032   ,216.41,27.464012195928127
N1032   ,216.61,26.389569476828136
N1032   ,216.74,25.325901699437484
N1032   ,217.16,24.269131189606234
N1032   ,217.11,23.22128677106875
N1032   ,217.4,22.187553215590626
N1032   ,217.6,21.175278640449992
N1032   ,217.74,20.194012195928128
N1032   ,217.82,19.254741686096878
N1032   ,217.88,18.367520326546884
N1032   ,217.92,17.5395162612375
N1032   ,218.28,16.773508130618747
N1032   ,218.19,16.06474168609688
N1032   ,218.12,15.399967110956252
N1032   ,218.42,14.761909830056245
N1032   ,218.28,14.135504065309373
N1032   ,218.85,13.512917960675003
N1032   ,218.9,12.896094235253125
N1032   ,219.27,12.295278640449999
N1032   ,219.18,11.725106431181256
N1032   ,219.45,11.200106431181256
N1032   ,219.63,10.729827790731253
N1032   ,219.42,10.314827790731252
N1032   ,219.28,9.945192535815629
N1032   ,219.52,9.60336881039375
N1032   ,219.68,9.271319660112496
N1032   ,219.79,8.938004065309375
N1032   ,219.86,8.60336881039375
N1032   ,220.24,8.277778640450002
N1032   ,220.49,7.976598300562502
N1032   ,221.0,7.712188470506252
N1032   ,221.0,7.487917960675004
N1032   ,221.0,7.297692535815631
N1032   ,221.0,7.130868810393751
N1032   ,221.0,6.977864745084373
N1032   ,221.67,6.832274575140624
N1032   ,221.78,6.689999999999997
N1032   ,221.85,6.54699593469062
N1032   ,221.57,6.397950849718746
N1032   ,221.71,6.238229490168749
N1032   ,221.81,6.067639320225
N1032   ,221.87,5.892360679774995
N1032   ,221.91,5.722864745084373
N1032   ,222.28,5.568872875703129
N1032   ,222.52,5.434774575140624
N1032   ,222.68,5.3186803398874964
N1032   ,222.79,5.21519253581563
N1032   ,222.86,5.120053215590628
N1032   ,222.9,5.033176274578119
N1032   ,222.94,4.957274575140623
N1032   ,222.96,4.893872875703129
N1032   ,222.97,4.8411803398874955
N1032   ,223.31,4.795225424859371
N1032   ,223.88,4.751823725421876
N1032   ,224.25,4.708454915028123
N1032   ,224.17,4.664860679774995
N1032   ,224.11,4.620815594803121
N1032   ,224.41,4.573176274578119
N1032   ,224.27,4.515954915028122
N1032   ,224.51,4.44454915028125
N1032   ,224.34,4.361041019662494
N1032   ,224.56,4.275364745084374
N1032   ,224.71,4.201512195928132
N1032   ,224.81,4.152413895365627
N1032   ,225.2,4.134270509831246
N1032   ,225.14,4.142049150281251
N1032   ,225.42,4.160868810393752
N1032   ,225.62,4.1725861046343695
N1032   ,225.74,4.16253288904374
N1032   ,225.83,4.123541019662495
N1032   ,225.89,4.0574138953656265
N1032   ,225.92,3.974495934690621
N1032   ,226.28,3.8903115294937436
N1032   ,226.19,3.819237620787506
N1032   ,226.46,3.7696023658718816
N1032   ,226.64,3.7433155948031223
N1032   ,226.76,3.737639320225001
N1032   ,226.84,3.747467110956258
N1032   ,226.89,3.7678647450843745
N1032   ,226.93,3.7949467844093685
N1032   ,226.95,3.8244098300562497
N1032   ,226.97,3.8501393202250003
N1032   ,227.31,3.865676274578119
N1032   ,227.21,3.8675861046343702
N1032   ,227.14,3.8569098300562494
N1032   ,227.43,3.8373606797749966
N1032   ,227.62,3.8125861046343705
N1032   ,227.74,3.784409830056249
N1032   ,227.5,3.752864745084374
N1032   ,228.0,3.718454915028124
N1032   ,228.67,3.684913895365627
N1032   ,228.78,3.6595491502812516
N1032   ,228.85,3.649635254915623
N1032   ,228.9,3.6572745751406246
N1032   ,229.27,3.6774138953656275
N1032   ,229.51,3.7002254248593722
N1032   ,229.01,3.715311529493744
N1032   ,229.34,3.715225424859373
N1032   ,229.56,3.697499999999999
N1032   ,229.37,3.665450849718747
N1032   ,229.58,3.6278647450843744
N1032   ,229.72,3.596598300562504
N1032   ,229.81,3.5826393202250006
N1032   ,229.54,3.5926393202250013
N1032   ,229.7,3.6262335554781284
N1032   ,230.13,3.6748606797749965
N1032   ,230.42,3.7241311896062452
N1032   ,230.61,3.7599138953656275
N1032   ,230.74,3.7748606797749966
N1032   ,230.83,3.770987804071865
N1032   ,230.55,3.756684405196876
N1032   ,230.7,3.741598300562504
N1032   ,231.13,3.7328115294937447
N1032   ,231.42,3.732360679774996
N1032   ,231.62,3.737327790731255
N1032   ,231.74,3.7432294901687504
N1032   ,231.83,3.747811529493744
N1032   ,231.55,3.752274575140625
N1032   ,231.7,3.76005321559063
N1032   ,231.8,3.7749999999999986
N1032   ,232.2,3.799495934690621
N1032   ,232.47,3.8319098300562495
N1032   ,232.31,3.8653647450843747
N1032   ,232.21,3.89008610463437
N1032   ,232.47,3.8978115294937443
N1032   ,232.65,3.8859549150281243
N1032   ,232.43,3.859913895365627
N1032   ,232.29,3.8321352549156225
N1032   ,232.86,3.817135254915623
N1032   ,233.24,3.8237335554781278
N1032   ,233.16,3.8497745751406245
N1032   ,233.44,3.8839057647468715
N1032   ,233.29,3.9126393202250007
N1032   ,233.53,3.9282294901687504
N1032   ,233.69,3.9333155948031218
N1032   ,234.12,3.9391844051968756
N1032   ,234.42,3.958958980337502
N1032   ,234.28,3.999999999999998
N1032   ,234.52,4.060139320225001
N1032   ,234.68,4.130278640450002
N1032   ,234.79,4.200590169943748
N1032   ,234.86,4.264721359549994
N1032   ,234.9,4.31949593469062
N1032   ,235.27,4.362360679774995
N1032   ,235.51,4.390086104634371
N1032   ,235.68,4.399721359549993
N1032   ,234.12,4.390815594803121
N1032   ,234.74,4.368004065309376
N1032   ,235.16,4.341684405196875
N1032   ,235.11,4.324495934690621
N1032   ,235.41,4.325139320225
N1032   ,235.94,4.3442376207875055
N1032   ,236.29,4.375225424859372
N1032   ,236.53,4.408766444521868
N1032   ,236.69,4.437553215590628
N1032   ,236.46,4.459913895365626
N1032   ,236.64,4.480901699437491
N1032   ,236.76,4.509184405196874
N1032   ,236.84,4.551372875703129
N1032   ,237.23,4.608315594803121
N1032   ,237.48,4.67449593469062
N1032   ,237.66,4.739409830056249
N1032   ,237.77,4.791041019662495
N1032   ,237.85,4.820311529493743
N1032   ,237.9,4.82449593469062
N1032   ,237.93,4.808680339887497
N1032   ,237.95,4.784549150281251
N1032   ,237.97,4.766684405196874
N1032   ,237.98,4.7674999999999965
N1032   ,237.99,4.791823725421875
N1032   ,238.32,4.83527864045
N1032   ,238.22,4.888819660112498
N1032   ,238.14,4.9451393202250005
N1032   ,238.1,5.002274575140624
N1032   ,238.4,5.062725424859371
N1032   ,238.6,5.128680339887497
N1032   ,238.73,5.196995934690619
N1032   ,239.15,5.258176274578119
N1032   ,239.44,5.300590169943747
N1032   ,239.62,5.3184549150281235
N1032   ,239.08,5.318090169943747
N1032   ,239.06,5.316684405196876
N1032   ,239.7,5.334323725421877
N1032   ,240.14,5.384323725421878
N1032   ,240.42,5.466684405196875
N1032   ,240.95,5.568090169943749
