temp,count_original,count_0,
30,1.00000,nan,
30,1.00000,nan,
31,1.00000,nan,
31,1.00000,nan,
31,0.00000,nan,
31,1.00000,nan,
31,0.00000,nan,
31,0.00000,nan,
31,1.00000,nan,
31,0.00000,nan,
31,0.00000,nan,
31,0.00000,nan,
31,0.00000,nan,
31,0.00000,nan,
31,0.00000,nan,
31,0.00000,nan,
31,0.00000,nan,
31,0.00000,nan,
31,0.00000,nan,
31,0.00000,nan,
32,0.00000,nan,
32,0.00000,nan,
34,0.00000,nan,
35,0.00000,nan,
36,0.00000,nan,
38,0.00000,nan,
39,0.00000,nan,
40,0.00000,nan,
41,0.00000,nan,
43,0.00000,nan,
45,0.00000,nan,
47,0.00000,nan,
48,0.00000,nan,
49,0.00000,nan,
51,0.00000,nan,
52,0.00000,nan,
54,0.00000,nan,
56,0.00000,nan,
58,0.00000,nan,
59,1.00000,nan,
61,0.00000,nan,
63,0.00000,nan,
65,1.00000,nan,
66,0.00000,nan,
67,0.00000,nan,
69,0.00000,nan,
71,0.00000,nan,
72,1.00000,nan,
74,0.00000,nan,
75,1.00000,nan,
77,0.00000,nan,
78,1.00000,nan,
79,0.00000,nan,
80,0.00000,nan,
80,1.00000,nan,
80,1.00000,nan,
81,0.00000,nan,
81,1.00000,nan,
81,0.00000,nan,
81,1.00000,nan,
80,0.00000,nan,
81,1.00000,nan,
81,0.00000,nan,
81,1.00000,nan,
81,0.00000,nan,
81,1.00000,nan,
81,0.00000,nan,
81,1.00000,nan,
81,0.00000,nan,
81,1.00000,nan,
82,0.00000,nan,
82,1.00000,nan,
82,1.00000,nan,
82,0.00000,nan,
82,1.00000,nan,
82,1.00000,nan,
82,1.00000,nan,
82,1.00000,nan,
82,1.00000,nan,
83,1.00000,nan,
83,1.00000,nan,
83,1.00000,nan,
83,1.00000,nan,
83,1.00000,nan,
83,1.00000,nan,
83,1.00000,nan,
83,1.00000,nan,
83,1.00000,nan,
83,1.00000,nan,
84,1.00000,nan,
84,2.00000,nan,
84,2.00000,nan,
84,1.00000,nan,
84,2.00000,nan,
84,2.00000,nan,
84,2.00000,nan,
84,2.00000,nan,
84,2.00000,nan,
84,2.00000,nan,
84,2.00000,nan,
84,2.00000,nan,
85,2.00000,nan,
85,2.00000,nan,
85,2.00000,nan,
85,2.00000,nan,
85,2.00000,nan,
85,2.00000,nan,
85,3.00000,nan,
84,3.00000,nan,
84,2.00000,nan,
85,3.00000,nan,
85,3.00000,nan,
85,3.00000,nan,
85,3.00000,nan,
85,3.00000,nan,
85,3.00000,nan,
85,3.00000,nan,
85,3.00000,nan,
85,4.00000,nan,
85,3.00000,nan,
85,4.00000,nan,
85,3.00000,nan,
85,4.00000,nan,
85,4.00000,nan,
85,4.00000,nan,
85,4.00000,nan,
86,4.00000,nan,
86,4.00000,nan,
86,4.00000,nan,
86,4.00000,nan,
86,4.00000,nan,
86,4.00000,nan,
87,4.00000,nan,
86,4.00000,nan,
86,5.00000,nan,
86,5.00000,nan,
87,5.00000,nan,
87,5.00000,nan,
87,5.00000,nan,
87,5.00000,nan,
87,5.00000,nan,
87,5.00000,nan,
87,5.00000,nan,
87,5.00000,nan,
87,5.00000,nan,
87,5.00000,nan,
87,5.00000,nan,
88,5.00000,nan,
88,5.00000,nan,
88,5.00000,nan,
88,6.00000,nan,
88,6.00000,nan,
88,6.00000,nan,
88,6.00000,nan,
88,6.00000,nan,
88,6.00000,nan,
88,6.00000,nan,
88,7.00000,nan,
88,6.00000,nan,
88,6.00000,nan,
88,6.00000,nan,
88,6.00000,nan,
88,7.00000,nan,
88,7.00000,nan,
89,7.00000,nan,
89,7.00000,nan,
89,7.00000,nan,
90,7.00000,nan,
90,7.00000,nan,
89,7.00000,nan,
89,8.00000,nan,
90,8.00000,nan,
90,8.00000,nan,
89,8.00000,nan,
90,8.00000,nan,
90,8.00000,nan,
90,8.00000,nan,
90,8.00000,nan,
90,8.00000,nan,
90,8.00000,nan,
90,8.00000,nan,
90,8.00000,nan,
90,8.00000,nan,
90,9.00000,nan,
90,8.00000,nan,
90,9.00000,nan,
91,8.00000,nan,
91,9.00000,nan,
91,9.00000,nan,
91,8.00000,nan,
91,9.00000,nan,
91,9.00000,nan,
91,9.00000,nan,
91,9.00000,nan,
91,9.00000,nan,
91,10.00000,nan,
91,9.00000,nan,
91,10.00000,nan,
91,9.00000,nan,
91,10.00000,nan,
92,10.00000,nan,
92,10.00000,nan,
92,9.00000,nan,
92,10.00000,nan,
93,10.00000,nan,
92,10.00000,nan,
92,10.00000,nan,
92,10.00000,nan,
92,11.00000,nan,
92,10.00000,nan,
92,10.00000,nan,
92,10.00000,nan,
92,10.00000,nan,
92,11.00000,nan,
92,11.00000,nan,
93,11.00000,nan,
93,11.00000,nan,
93,11.00000,nan,
93,11.00000,nan,
93,12.00000,nan,
93,11.00000,nan,
93,12.00000,nan,
94,12.00000,nan,
93,12.00000,nan,
94,12.00000,nan,
93,12.00000,nan,
94,12.00000,nan,
94,12.00000,nan,
94,12.00000,nan,
94,12.00000,nan,
94,13.00000,nan,
94,13.00000,nan,
94,13.00000,nan,
94,13.00000,nan,
94,13.00000,nan,
94,13.00000,nan,
94,13.00000,nan,
94,13.00000,nan,
95,13.00000,nan,
95,13.00000,nan,
96,13.00000,nan,
96,14.00000,nan,
96,14.00000,nan,
96,14.00000,nan,
96,14.00000,nan,
95,15.00000,nan,
96,14.00000,nan,
96,15.00000,nan,
96,15.00000,nan,
95,15.00000,nan,
96,15.00000,nan,
96,15.00000,nan,
96,15.00000,nan,
97,16.00000,nan,
97,15.00000,nan,
97,16.00000,nan,
97,16.00000,nan,
96,16.00000,nan,
96,16.00000,nan,
96,16.00000,nan,
96,16.00000,nan,
96,16.00000,nan,
97,16.00000,nan,
97,16.00000,nan,
97,17.00000,nan,
97,16.00000,nan,
97,16.00000,nan,
97,17.00000,nan,
97,17.00000,nan,
97,17.00000,nan,
97,17.00000,nan,
97,17.00000,nan,
98,18.00000,nan,
97,17.00000,nan,
97,18.00000,nan,
98,17.00000,nan,
98,18.00000,nan,
98,19.00000,nan,
99,19.00000,nan,
99,19.00000,nan,
98,19.00000,nan,
99,19.00000,nan,
99,19.00000,nan,
99,19.00000,nan,
98,19.00000,nan,
99,19.00000,nan,
99,20.00000,nan,
99,19.00000,nan,
99,19.00000,nan,
99,20.00000,nan,
99,20.00000,nan,
99,19.00000,nan,
99,19.00000,nan,
99,20.00000,nan,
99,20.00000,nan,
99,20.00000,nan,
99,20.00000,nan,
99,20.00000,nan,
99,20.00000,nan,
99,20.00000,nan,
99,20.00000,nan,
100,21.00000,nan,
100,20.00000,nan,
100,21.00000,nan,
101,22.00000,nan,
101,21.00000,nan,
101,21.00000,nan,
100,22.00000,nan,
100,22.00000,nan,
100,22.00000,nan,
100,22.00000,nan,
100,22.00000,nan,
100,23.00000,nan,
100,23.00000,nan,
101,23.00000,nan,
101,23.00000,nan,
101,23.00000,nan,
101,23.00000,nan,
101,23.00000,nan,
101,23.00000,nan,
101,23.00000,nan,
101,24.00000,nan,
101,23.00000,nan,
101,24.00000,nan,
101,24.00000,nan,
101,24.00000,nan,
102,24.00000,nan,
102,24.00000,nan,
102,25.00000,nan,
102,24.00000,nan,
102,25.00000,nan,
102,25.00000,nan,
102,25.00000,nan,
102,25.00000,nan,
102,26.00000,nan,
102,25.00000,nan,
102,26.00000,nan,
102,26.00000,nan,
103,26.00000,nan,
103,26.00000,nan,
103,26.00000,nan,
103,26.00000,nan,
103,26.00000,nan,
103,26.00000,nan,
103,27.00000,nan,
103,26.00000,nan,
104,27.00000,nan,
103,27.00000,nan,
104,27.00000,nan,
103,28.00000,nan,
104,27.00000,nan,
104,27.00000,nan,
104,28.00000,nan,
104,28.00000,nan,
104,28.00000,nan,
104,28.00000,nan,
104,28.00000,nan,
104,28.00000,nan,
104,28.00000,nan,
104,28.00000,nan,
104,28.00000,nan,
104,28.00000,nan,
104,28.00000,nan,
105,29.00000,nan,
105,29.00000,nan,
105,29.00000,nan,
105,29.00000,nan,
105,29.00000,nan,
105,30.00000,nan,
105,30.00000,nan,
105,30.00000,nan,
105,30.00000,nan,
105,29.00000,nan,
105,30.00000,nan,
105,30.00000,nan,
105,30.00000,nan,
106,30.00000,nan,
106,30.00000,nan,
106,31.00000,nan,
106,31.00000,nan,
106,31.00000,nan,
106,31.00000,nan,
106,31.00000,nan,
106,31.00000,nan,
106,31.00000,nan,
106,31.00000,nan,
107,32.00000,nan,
106,32.00000,nan,
107,31.00000,nan,
107,31.00000,nan,
107,31.00000,nan,
107,31.00000,nan,
107,32.00000,nan,
107,33.00000,nan,
108,33.00000,nan,
108,32.00000,nan,
108,33.00000,nan,
108,32.00000,nan,
108,32.00000,nan,
108,33.00000,nan,
108,33.00000,nan,
108,32.00000,nan,
108,33.00000,nan,
108,33.00000,nan,
108,33.00000,nan,
108,33.00000,nan,
108,33.00000,nan,
108,33.00000,nan,
108,33.00000,nan,
108,33.00000,nan,
108,33.00000,nan,
108,33.00000,nan,
108,33.00000,nan,
108,33.00000,nan,
109,33.00000,nan,
109,33.00000,nan,
109,32.00000,nan,
109,33.00000,nan,
109,33.00000,nan,
110,33.00000,nan,
110,34.00000,nan,
109,34.00000,nan,
110,34.00000,nan,
110,34.00000,nan,
110,34.00000,nan,
110,34.00000,nan,
110,34.00000,nan,
110,34.00000,nan,
110,33.00000,nan,
110,33.00000,nan,
110,34.00000,nan,
110,34.00000,nan,
110,34.00000,nan,
110,34.00000,nan,
110,34.00000,nan,
110,34.00000,nan,
110,34.00000,nan,
110,34.00000,nan,
110,34.00000,nan,
111,34.00000,nan,
111,34.00000,nan,
111,34.00000,nan,
111,34.00000,nan,
111,34.00000,nan,
111,34.00000,nan,
112,34.00000,nan,
112,34.00000,nan,
112,34.00000,nan,
112,34.00000,nan,
112,35.00000,nan,
112,34.00000,nan,
112,35.00000,nan,
112,35.00000,nan,
112,35.00000,nan,
112,34.00000,nan,
112,34.00000,nan,
112,34.00000,nan,
112,34.00000,nan,
112,34.00000,nan,
112,34.00000,nan,
112,34.00000,nan,
111,34.00000,nan,
112,34.00000,nan,
112,33.00000,nan,
112,33.00000,nan,
113,33.00000,nan,
113,33.00000,nan,
113,33.00000,nan,
113,33.00000,nan,
113,33.00000,nan,
113,33.00000,nan,
113,33.00000,nan,
113,32.00000,nan,
113,32.00000,nan,
113,32.00000,nan,
113,32.00000,nan,
113,33.00000,nan,
114,32.00000,nan,
114,32.00000,nan,
113,33.00000,nan,
114,32.00000,nan,
114,33.00000,nan,
114,32.00000,nan,
114,33.00000,nan,
114,32.00000,nan,
114,32.00000,nan,
114,32.00000,nan,
114,31.00000,nan,
114,31.00000,nan,
115,31.00000,nan,
115,31.00000,nan,
115,30.00000,nan,
114,31.00000,nan,
115,31.00000,nan,
115,30.00000,nan,
115,31.00000,nan,
115,31.00000,nan,
115,30.00000,nan,
115,30.00000,nan,
115,30.00000,nan,
115,30.00000,nan,
115,29.00000,nan,
115,29.00000,nan,
116,29.00000,nan,
116,29.00000,nan,
116,29.00000,nan,
116,29.00000,nan,
116,29.00000,nan,
115,29.00000,nan,
116,29.00000,nan,
116,28.00000,nan,
116,28.00000,nan,
116,28.00000,0.00000,
117,28.00000,0.00000,
117,28.00000,0.00000,
117,28.00000,0.00000,
117,28.00000,0.00000,
118,27.00000,0.00000,
117,28.00000,0.00000,
118,28.00000,212099957296221764335703682396702672985714823978332529054835331088468078250626294538610994127135158256370751011303624899527476144382589559561088563834174478221312.00000,
117,27.00000,0.00000,
117,27.00000,0.00000,
117,26.00000,0.00000,
117,27.00000,0.00000,
117,26.00000,0.00000,
118,26.00000,0.00000,
118,26.00000,0.00000,
118,26.00000,0.00000,
118,26.00000,212099957296221764335703682396702672985714823978332529054835331088468078250626294538610994127135158256370751011303624899527476144382589559561088563834174478221312.00000,
118,26.00000,0.00000,
118,26.00000,0.00000,
118,26.00000,0.00000,
118,25.00000,0.00000,
118,25.00000,0.00000,
118,25.00000,0.00000,
118,25.00000,0.00000,
118,25.00000,0.00000,
118,25.00000,212099957296221764335703682396702672985714823978332529054835331088468078250626294538610994127135158256370751011303624899527476144382589559561088563834174478221312.00000,
118,25.00000,0.00000,
119,24.00000,0.00000,
119,24.00000,0.00000,
119,24.00000,0.00000,
119,24.00000,0.00000,
119,24.00000,0.00000,
119,24.00000,0.00000,
120,24.00000,0.00000,
119,23.00000,212099957296221764335703682396702672985714823978332529054835331088468078250626294538610994127135158256370751011303624899527476144382589559561088563834174478221312.00000,
119,23.00000,0.00000,
119,23.00000,0.00000,
119,23.00000,0.00000,
120,22.00000,0.00000,
120,22.00000,0.00000,
120,22.00000,0.00000,
120,22.00000,0.00000,
120,21.00000,0.00000,
120,21.00000,212099957296221764335703682396702672985714823978332529054835331088468078250626294538610994127135158256370751011303624899527476144382589559561088563834174478221312.00000,
120,22.00000,0.00000,
120,21.00000,0.00000,
120,22.00000,0.00000,
119,21.00000,0.00000,
119,21.00000,0.00000,
119,21.00000,0.00000,
120,21.00000,0.00000,
120,21.00000,0.00000,
120,21.00000,212099957296221764335703682396702672985714823978332529054835331088468078250626294538610994127135158256370751011303624899527476144382589559561088563834174478221312.00000,
121,20.00000,0.00000,
121,20.00000,0.00000,
120,20.00000,0.00000,
121,20.00000,0.00000,
121,19.00000,0.00000,
122,19.00000,0.00000,
121,19.00000,0.00000,
121,19.00000,0.00000,
121,19.00000,212099957296221764335703682396702672985714823978332529054835331088468078250626294538610994127135158256370751011303624899527476144382589559561088563834174478221312.00000,
121,19.00000,0.00000,
122,19.00000,0.00000,
122,19.00000,0.00000,
122,18.00000,0.00000,
122,19.00000,0.00000,
122,19.00000,0.00000,
122,19.00000,0.00000,
122,19.00000,0.00000,
122,18.00000,0.00000,
122,18.00000,0.00000,
122,18.00000,0.00000,
122,18.00000,0.00000,
122,17.00000,0.00000,
122,17.00000,0.00000,
122,17.00000,0.00000,
123,17.00000,0.00000,
123,17.00000,0.00000,
123,17.00000,0.00000,
123,17.00000,0.00000,
123,17.00000,0.00000,
123,17.00000,0.00000,
123,17.00000,0.00000,
123,17.00000,0.00000,
123,17.00000,0.00000,
123,17.00000,0.00000,
123,17.00000,0.00000,
124,16.00000,0.00000,
124,16.00000,0.00000,
124,17.00000,0.00000,
124,16.00000,0.00000,
124,16.00000,0.00000,
124,16.00000,0.00000,
124,16.00000,0.00000,
124,16.00000,0.00000,
124,16.00000,0.00000,
124,16.00000,0.00000,
124,16.00000,0.00000,
123,16.00000,0.00000,
124,16.00000,0.00000,
124,16.00000,0.00000,
125,16.00000,0.00000,
124,16.00000,0.00000,
125,16.00000,0.00000,
125,16.00000,0.00000,
125,16.00000,0.00000,
125,15.00000,0.00000,
125,15.00000,0.00000,
125,16.00000,0.00000,
125,16.00000,0.00000,
125,16.00000,0.00000,
125,15.00000,0.00000,
125,16.00000,0.00000,
126,15.00000,0.00000,
126,16.00000,0.00000,
126,15.00000,0.00000,
126,15.00000,0.00000,
126,16.00000,0.00000,
126,15.00000,0.00000,
126,15.00000,0.00000,
126,16.00000,0.00000,
126,15.00000,0.00000,
126,15.00000,0.00000,
126,15.00000,0.00000,
126,15.00000,0.00000,
126,15.00000,0.00000,
126,16.00000,0.00000,
126,16.00000,0.00000,
126,15.00000,0.00000,
127,16.00000,0.00000,
127,16.00000,0.00000,
127,16.00000,0.00000,
127,16.00000,0.00000,
127,16.00000,0.00000,
127,16.00000,0.00000,
127,16.00000,0.00000,
127,16.00000,0.00000,
127,16.00000,0.00000,
128,16.00000,0.00000,
128,16.00000,0.00000,
128,16.00000,0.00000,
128,16.00000,0.00000,
128,16.00000,0.00000,
128,17.00000,0.00000,
128,17.00000,0.00000,
128,17.00000,0.00000,
128,16.00000,0.00000,
128,16.00000,0.00000,
128,16.00000,0.00000,
128,16.00000,0.00000,
129,16.00000,0.00000,
129,17.00000,0.00000,
128,17.00000,0.00000,
129,17.00000,0.00000,
129,17.00000,0.00000,
129,17.00000,0.00000,
129,17.00000,0.00000,
129,17.00000,0.00000,
129,17.00000,0.00000,
129,17.00000,0.00000,
129,17.00000,0.00000,
129,17.00000,0.00000,
129,17.00000,0.00000,
129,17.00000,0.00000,
130,17.00000,0.00000,
130,18.00000,0.00000,
129,18.00000,0.00000,
130,18.00000,0.00000,
130,18.00000,0.00000,
130,18.00000,0.00000,
130,18.00000,0.00000,
130,19.00000,0.00000,
130,18.00000,0.00000,
130,19.00000,0.00000,
130,18.00000,0.00000,
130,19.00000,0.00000,
131,19.00000,0.00000,
131,19.00000,0.00000,
131,19.00000,0.00000,
131,19.00000,0.00000,
131,19.00000,0.00000,
131,19.00000,0.00000,
131,19.00000,0.00000,
131,19.00000,0.00000,
131,19.00000,0.00000,
131,20.00000,0.00000,
131,20.00000,0.00000,
131,19.00000,0.00000,
131,20.00000,0.00000,
132,19.00000,0.00000,
132,20.00000,0.00000,
132,20.00000,0.00000,
132,19.00000,0.00000,
132,20.00000,0.00000,
132,20.00000,0.00000,
132,20.00000,0.00000,
132,21.00000,0.00000,
132,20.00000,0.00000,
132,20.00000,0.00000,
131,21.00000,0.00000,
132,20.00000,0.00000,
132,21.00000,0.00000,
133,21.00000,0.00000,
133,21.00000,0.00000,
132,21.00000,0.00000,
133,21.00000,0.00000,
132,21.00000,0.00000,
133,22.00000,0.00000,
133,21.00000,0.00000,
133,22.00000,0.00000,
133,21.00000,0.00000,
133,22.00000,0.00000,
133,22.00000,0.00000,
134,21.00000,0.00000,
134,22.00000,0.00000,
134,22.00000,0.00000,
134,22.00000,0.00000,
134,23.00000,0.00000,
134,23.00000,0.00000,
135,22.00000,0.00000,
134,23.00000,0.00000,
134,23.00000,0.00000,
134,23.00000,0.00000,
134,23.00000,0.00000,
134,23.00000,0.00000,
134,23.00000,0.00000,
134,23.00000,0.00000,
135,23.00000,0.00000,
135,24.00000,0.00000,
135,24.00000,0.00000,
135,24.00000,0.00000,
135,24.00000,0.00000,
135,25.00000,0.00000,
135,25.00000,0.00000,
135,24.00000,0.00000,
135,24.00000,0.00000,
135,25.00000,0.00000,
135,25.00000,0.00000,
136,25.00000,0.00000,
136,25.00000,0.00000,
136,25.00000,0.00000,
136,25.00000,0.00000,
136,25.00000,0.00000,
136,25.00000,0.00000,
136,25.00000,0.00000,
136,25.00000,0.00000,
136,26.00000,0.00000,
136,26.00000,0.00000,
136,26.00000,0.00000,
136,26.00000,0.00000,
136,26.00000,0.00000,
137,26.00000,0.00000,
137,26.00000,0.00000,
137,27.00000,0.00000,
137,27.00000,0.00000,
137,27.00000,0.00000,
137,27.00000,0.00000,
138,27.00000,0.00000,
138,28.00000,0.00000,
138,27.00000,0.00000,
138,27.00000,0.00000,
137,27.00000,0.00000,
139,27.00000,0.00000,
139,27.00000,0.00000,
138,27.00000,0.00000,
138,28.00000,0.00000,
138,28.00000,0.00000,
138,28.00000,0.00000,
138,28.00000,0.00000,
138,28.00000,0.00000,
138,28.00000,0.00000,
138,29.00000,0.00000,
138,29.00000,0.00000,
138,29.00000,0.00000,
138,29.00000,0.00000,
139,28.00000,0.00000,
139,29.00000,0.00000,
138,29.00000,0.00000,
139,29.00000,0.00000,
139,29.00000,0.00000,
139,29.00000,0.00000,
139,29.00000,0.00000,
139,30.00000,0.00000,
139,30.00000,0.00000,
139,30.00000,0.00000,
138,30.00000,0.00000,
139,30.00000,0.00000,
139,30.00000,0.00000,
140,31.00000,0.00000,
139,31.00000,0.00000,
140,31.00000,0.00000,
140,31.00000,0.00000,
140,31.00000,0.00000,
140,31.00000,0.00000,
140,32.00000,0.00000,
140,31.00000,0.00000,
140,31.00000,0.00000,
140,31.00000,0.00000,
140,32.00000,0.00000,
140,31.00000,0.00000,
141,32.00000,0.00000,
141,32.00000,0.00000,
140,32.00000,0.00000,
140,31.00000,0.00000,
140,31.00000,0.00000,
141,32.00000,0.00000,
141,32.00000,0.00000,
141,32.00000,0.00000,
141,33.00000,0.00000,
141,33.00000,0.00000,
141,32.00000,0.00000,
141,32.00000,0.00000,
141,33.00000,0.00000,
142,33.00000,0.00000,
142,33.00000,0.00000,
142,33.00000,0.00000,
142,33.00000,0.00000,
142,33.00000,0.00000,
142,33.00000,0.00000,
142,34.00000,0.00000,
142,34.00000,0.00000,
142,34.00000,0.00000,
142,34.00000,0.00000,
142,34.00000,0.00000,
142,35.00000,0.00000,
142,35.00000,0.00000,
142,34.00000,0.00000,
143,35.00000,0.00000,
142,35.00000,0.00000,
143,35.00000,0.00000,
143,35.00000,0.00000,
143,35.00000,0.00000,
143,35.00000,0.00000,
143,35.00000,0.00000,
143,35.00000,0.00000,
143,36.00000,0.00000,
143,36.00000,0.00000,
144,36.00000,0.00000,
144,36.00000,0.00000,
144,35.00000,0.00000,
144,36.00000,0.00000,
144,36.00000,0.00000,
144,36.00000,0.00000,
144,35.00000,0.00000,
144,35.00000,0.00000,
144,36.00000,0.00000,
145,36.00000,0.00000,
144,37.00000,0.00000,
144,37.00000,0.00000,
144,37.00000,0.00000,
144,37.00000,0.00000,
144,37.00000,0.00000,
145,38.00000,0.00000,
145,38.00000,0.00000,
145,38.00000,0.00000,
145,38.00000,0.00000,
145,38.00000,0.00000,
145,38.00000,0.00000,
145,37.00000,0.00000,
146,38.00000,0.00000,
145,38.00000,0.00000,
146,38.00000,0.00000,
146,38.00000,0.00000,
146,38.00000,0.00000,
146,38.00000,0.00000,
146,38.00000,0.00000,
146,39.00000,0.00000,
146,39.00000,0.00000,
146,39.00000,0.00000,
146,39.00000,0.00000,
146,39.00000,0.00000,
146,39.00000,0.00000,
146,39.00000,0.00000,
146,39.00000,0.00000,
146,39.00000,0.00000,
146,39.00000,0.00000,
147,39.00000,0.00000,
147,38.00000,0.00000,
147,39.00000,0.00000,
147,39.00000,0.00000,
147,39.00000,0.00000,
147,39.00000,0.00000,
147,39.00000,0.00000,
147,39.00000,0.00000,
147,39.00000,0.00000,
147,39.00000,0.00000,
147,39.00000,0.00000,
147,39.00000,0.00000,
148,39.00000,0.00000,
148,39.00000,0.00000,
148,40.00000,0.00000,
148,39.00000,0.00000,
148,39.00000,0.00000,
148,39.00000,0.00000,
148,39.00000,0.00000,
148,39.00000,0.00000,
148,40.00000,0.00000,
148,39.00000,0.00000,
148,39.00000,0.00000,
148,40.00000,0.00000,
148,39.00000,0.00000,
149,39.00000,0.00000,
149,38.00000,0.00000,
149,39.00000,0.00000,
149,39.00000,0.00000,
149,39.00000,0.00000,
149,40.00000,0.00000,
149,39.00000,0.00000,
149,39.00000,0.00000,
148,38.00000,0.00000,
149,38.00000,0.00000,
149,39.00000,0.00000,
150,39.00000,0.00000,
150,39.00000,0.00000,
150,39.00000,0.00000,
150,39.00000,0.00000,
150,39.00000,0.00000,
150,39.00000,0.00000,
150,39.00000,0.00000,
150,40.00000,0.00000,
150,39.00000,0.00000,
150,39.00000,0.00000,
150,38.00000,0.00000,
150,39.00000,0.00000,
150,39.00000,0.00000,
150,39.00000,0.00000,
150,39.00000,0.00000,
150,39.00000,0.00000,
151,39.00000,0.00000,
151,40.00000,0.00000,
151,40.00000,0.00000,
151,39.00000,0.00000,
151,40.00000,0.00000,
151,39.00000,0.00000,
151,39.00000,0.00000,
151,39.00000,0.00000,
151,39.00000,0.00000,
151,39.00000,0.00000,
152,39.00000,0.00000,
152,39.00000,0.00000,
152,39.00000,0.00000,
152,39.00000,0.00000,
152,39.00000,0.00000,
152,39.00000,0.00000,
152,38.00000,0.00000,
152,39.00000,0.00000,
152,38.00000,0.00000,
152,38.00000,0.00000,
152,38.00000,0.00000,
152,38.00000,0.00000,
152,38.00000,0.00000,
153,37.00000,0.00000,
153,37.00000,0.00000,
153,37.00000,0.00000,
153,38.00000,0.00000,
153,37.00000,0.00000,
153,37.00000,0.00000,
153,37.00000,0.00000,
153,37.00000,0.00000,
153,37.00000,0.00000,
153,37.00000,0.00000,
153,37.00000,0.00000,
153,36.00000,0.00000,
153,36.00000,0.00000,
153,36.00000,0.00000,
154,36.00000,0.00000,
154,36.00000,0.00000,
154,36.00000,0.00000,
154,37.00000,0.00000,
154,36.00000,0.00000,
154,37.00000,0.00000,
154,36.00000,0.00000,
154,36.00000,0.00000,
154,36.00000,0.00000,
154,36.00000,0.00000,
155,35.00000,0.00000,
155,35.00000,0.00000,
155,35.00000,0.00000,
155,35.00000,0.00000,
155,35.00000,0.00000,
155,35.00000,0.00000,
155,35.00000,0.00000,
155,35.00000,0.00000,
155,34.00000,0.00000,
155,34.00000,0.00000,
155,35.00000,0.00000,
155,34.00000,0.00000,
155,34.00000,0.00000,
156,34.00000,0.00000,
156,34.00000,0.00000,
156,34.00000,0.00000,
156,33.00000,0.00000,
156,34.00000,0.00000,
156,33.00000,0.00000,
156,33.00000,0.00000,
156,33.00000,0.00000,
156,33.00000,0.00000,
156,33.00000,0.00000,
156,33.00000,0.00000,
156,33.00000,0.00000,
156,33.00000,0.00000,
156,32.00000,0.00000,
157,33.00000,0.00000,
157,32.00000,0.00000,
157,33.00000,0.00000,
157,32.00000,0.00000,
157,32.00000,0.00000,
157,32.00000,0.00000,
157,32.00000,0.00000,
157,32.00000,0.00000,
157,32.00000,0.00000,
157,32.00000,0.00000,
157,32.00000,34.00000,
158,32.00000,0.00000,
158,32.00000,34.00000,
158,32.00000,34.00000,
158,31.00000,35.00000,
158,31.00000,35.00000,
158,31.00000,34.00000,
158,31.00000,35.00000,
158,31.00000,35.00000,
158,31.00000,35.00000,
158,31.00000,35.00000,
158,31.00000,35.00000,
158,31.00000,35.00000,
158,30.00000,35.00000,
159,31.00000,35.00000,
159,30.00000,36.00000,
159,30.00000,36.00000,
159,30.00000,36.00000,
159,30.00000,36.00000,
159,30.00000,35.00000,
159,30.00000,36.00000,
159,30.00000,36.00000,
159,29.00000,36.00000,
159,30.00000,35.00000,
159,30.00000,35.00000,
159,30.00000,36.00000,
160,30.00000,36.00000,
160,30.00000,37.00000,
160,30.00000,37.00000,
160,30.00000,37.00000,
160,30.00000,37.00000,
160,30.00000,37.00000,
160,30.00000,38.00000,
160,30.00000,38.00000,
160,29.00000,38.00000,
160,30.00000,38.00000,
160,30.00000,38.00000,
160,29.00000,38.00000,
160,30.00000,37.00000,
161,30.00000,38.00000,
161,30.00000,38.00000,
161,30.00000,38.00000,
161,30.00000,38.00000,
161,30.00000,38.00000,
161,29.00000,38.00000,
161,29.00000,38.00000,
161,29.00000,39.00000,
161,29.00000,39.00000,
161,29.00000,39.00000,
161,29.00000,39.00000,
161,29.00000,39.00000,
161,28.00000,39.00000,
161,29.00000,39.00000,
161,29.00000,39.00000,
162,29.00000,39.00000,
162,29.00000,39.00000,
162,30.00000,39.00000,
162,30.00000,38.00000,
162,30.00000,39.00000,
162,30.00000,39.00000,
162,30.00000,39.00000,
162,30.00000,39.00000,
162,29.00000,39.00000,
163,29.00000,39.00000,
163,29.00000,39.00000,
163,29.00000,39.00000,
163,30.00000,39.00000,
163,30.00000,39.00000,
163,30.00000,39.00000,
163,30.00000,39.00000,
163,30.00000,40.00000,
163,30.00000,39.00000,
163,30.00000,39.00000,
164,29.00000,39.00000,
163,30.00000,39.00000,
164,30.00000,39.00000,
164,30.00000,40.00000,
164,30.00000,39.00000,
164,30.00000,39.00000,
164,30.00000,40.00000,
165,29.00000,39.00000,
164,30.00000,39.00000,
164,30.00000,38.00000,
164,30.00000,39.00000,
164,30.00000,39.00000,
164,30.00000,39.00000,
164,30.00000,40.00000,
164,30.00000,39.00000,
164,30.00000,39.00000,
165,30.00000,38.00000,
165,31.00000,38.00000,
165,30.00000,39.00000,
165,31.00000,39.00000,
165,31.00000,39.00000,
165,31.00000,39.00000,
165,31.00000,39.00000,
165,32.00000,39.00000,
165,32.00000,39.00000,
165,31.00000,39.00000,
165,32.00000,40.00000,
165,31.00000,39.00000,
166,32.00000,39.00000,
166,32.00000,38.00000,
166,32.00000,39.00000,
166,32.00000,39.00000,
166,32.00000,39.00000,
166,31.00000,39.00000,
166,32.00000,39.00000,
165,32.00000,39.00000,
166,32.00000,40.00000,
166,32.00000,40.00000,
166,32.00000,39.00000,
166,32.00000,40.00000,
166,33.00000,39.00000,
166,32.00000,39.00000,
167,33.00000,39.00000,
167,33.00000,39.00000,
167,33.00000,39.00000,
167,34.00000,39.00000,
167,34.00000,39.00000,
167,34.00000,39.00000,
166,34.00000,39.00000,
167,34.00000,39.00000,
167,34.00000,39.00000,
167,34.00000,38.00000,
167,34.00000,39.00000,
167,34.00000,38.00000,
167,34.00000,38.00000,
168,35.00000,38.00000,
168,35.00000,38.00000,
168,34.00000,38.00000,
168,35.00000,37.00000,
168,35.00000,37.00000,
168,35.00000,37.00000,
168,36.00000,38.00000,
168,36.00000,37.00000,
168,36.00000,37.00000,
169,36.00000,37.00000,
169,36.00000,37.00000,
169,36.00000,37.00000,
169,36.00000,37.00000,
169,36.00000,37.00000,
169,36.00000,36.00000,
169,37.00000,36.00000,
169,37.00000,36.00000,
169,37.00000,36.00000,
169,37.00000,36.00000,
169,38.00000,36.00000,
169,38.00000,37.00000,
169,38.00000,36.00000,
169,38.00000,37.00000,
170,38.00000,36.00000,
170,38.00000,36.00000,
170,39.00000,36.00000,
170,39.00000,36.00000,
170,40.00000,35.00000,
170,40.00000,35.00000,
170,40.00000,35.00000,
170,40.00000,35.00000,
170,40.00000,35.00000,
170,40.00000,35.00000,
169,40.00000,35.00000,
170,40.00000,35.00000,
170,40.00000,34.00000,
170,40.00000,34.00000,
170,40.00000,35.00000,
170,40.00000,34.00000,
170,41.00000,34.00000,
171,40.00000,34.00000,
171,41.00000,34.00000,
171,41.00000,34.00000,
171,42.00000,33.00000,
171,41.00000,34.00000,
171,42.00000,33.00000,
171,42.00000,33.00000,
171,42.00000,33.00000,
171,43.00000,33.00000,
172,43.00000,33.00000,
172,43.00000,33.00000,
172,44.00000,33.00000,
172,44.00000,33.00000,
172,44.00000,32.00000,
172,44.00000,33.00000,
172,44.00000,32.00000,
172,44.00000,33.00000,
172,44.00000,32.00000,
172,44.00000,32.00000,
172,44.00000,32.00000,
172,44.00000,32.00000,
172,44.00000,32.00000,
173,45.00000,32.00000,
173,46.00000,0.00000,
173,46.00000,0.00000,
173,46.00000,0.00000,
173,46.00000,0.00000,
172,46.00000,0.00000,
173,46.00000,0.00000,
173,46.00000,0.00000,
173,46.00000,0.00000,
173,47.00000,0.00000,
173,48.00000,0.00000,
173,48.00000,0.00000,
173,48.00000,0.00000,
174,48.00000,0.00000,
173,48.00000,0.00000,
174,48.00000,0.00000,
174,49.00000,0.00000,
174,48.00000,0.00000,
174,48.00000,0.00000,
174,48.00000,0.00000,
173,49.00000,0.00000,
173,49.00000,0.00000,
174,49.00000,0.00000,
174,50.00000,0.00000,
174,50.00000,0.00000,
175,50.00000,0.00000,
175,50.00000,0.00000,
175,50.00000,0.00000,
175,50.00000,0.00000,
175,51.00000,0.00000,
175,51.00000,0.00000,
175,51.00000,0.00000,
176,51.00000,0.00000,
176,52.00000,0.00000,
175,52.00000,0.00000,
176,52.00000,0.00000,
176,52.00000,0.00000,
176,52.00000,0.00000,
176,53.00000,0.00000,
176,53.00000,0.00000,
176,53.00000,0.00000,
176,53.00000,0.00000,
176,54.00000,0.00000,
176,54.00000,0.00000,
176,55.00000,0.00000,
176,54.00000,0.00000,
176,55.00000,0.00000,
176,55.00000,0.00000,
176,55.00000,0.00000,
177,56.00000,0.00000,
177,56.00000,0.00000,
177,56.00000,0.00000,
177,56.00000,0.00000,
177,56.00000,0.00000,
177,57.00000,0.00000,
177,57.00000,0.00000,
177,58.00000,0.00000,
177,57.00000,0.00000,
177,57.00000,0.00000,
177,57.00000,0.00000,
177,58.00000,0.00000,
178,58.00000,0.00000,
178,58.00000,0.00000,
177,59.00000,0.00000,
177,58.00000,0.00000,
177,58.00000,0.00000,
178,59.00000,0.00000,
178,60.00000,0.00000,
178,59.00000,0.00000,
178,60.00000,0.00000,
178,60.00000,0.00000,
178,60.00000,0.00000,
178,60.00000,0.00000,
178,60.00000,0.00000,
178,60.00000,0.00000,
179,61.00000,0.00000,
179,61.00000,0.00000,
179,61.00000,0.00000,
178,61.00000,0.00000,
178,61.00000,0.00000,
178,62.00000,0.00000,
178,61.00000,0.00000,
179,62.00000,0.00000,
179,62.00000,0.00000,
179,62.00000,0.00000,
179,62.00000,0.00000,
180,62.00000,0.00000,
179,62.00000,0.00000,
180,62.00000,0.00000,
179,63.00000,0.00000,
180,63.00000,0.00000,
180,63.00000,0.00000,
180,63.00000,0.00000,
180,64.00000,0.00000,
180,64.00000,0.00000,
180,64.00000,0.00000,
180,64.00000,0.00000,
180,64.00000,0.00000,
180,64.00000,0.00000,
180,64.00000,0.00000,
180,64.00000,0.00000,
181,65.00000,0.00000,
181,65.00000,0.00000,
181,65.00000,0.00000,
181,65.00000,0.00000,
181,66.00000,0.00000,
181,65.00000,0.00000,
181,65.00000,0.00000,
181,65.00000,0.00000,
181,65.00000,0.00000,
181,65.00000,0.00000,
181,65.00000,0.00000,
182,65.00000,0.00000,
182,65.00000,0.00000,
182,65.00000,0.00000,
182,66.00000,0.00000,
181,66.00000,0.00000,
182,66.00000,0.00000,
182,66.00000,0.00000,
182,66.00000,0.00000,
182,67.00000,0.00000,
182,66.00000,0.00000,
181,67.00000,0.00000,
182,67.00000,0.00000,
182,67.00000,0.00000,
182,67.00000,0.00000,
182,68.00000,0.00000,
182,68.00000,0.00000,
183,67.00000,0.00000,
183,67.00000,0.00000,
183,68.00000,0.00000,
183,68.00000,0.00000,
183,68.00000,0.00000,
183,68.00000,0.00000,
183,69.00000,0.00000,
183,69.00000,0.00000,
183,68.00000,0.00000,
184,69.00000,0.00000,
183,69.00000,0.00000,
184,69.00000,0.00000,
183,70.00000,0.00000,
183,70.00000,0.00000,
184,69.00000,0.00000,
183,70.00000,0.00000,
184,69.00000,0.00000,
184,70.00000,0.00000,
184,70.00000,0.00000,
184,70.00000,0.00000,
184,70.00000,0.00000,
184,70.00000,0.00000,
184,70.00000,0.00000,
184,71.00000,0.00000,
184,70.00000,0.00000,
185,70.00000,0.00000,
184,70.00000,0.00000,
185,71.00000,0.00000,
185,71.00000,0.00000,
184,71.00000,0.00000,
185,71.00000,0.00000,
185,71.00000,0.00000,
185,72.00000,0.00000,
185,71.00000,0.00000,
186,71.00000,0.00000,
186,71.00000,0.00000,
186,72.00000,0.00000,
186,71.00000,0.00000,
186,73.00000,0.00000,
186,73.00000,0.00000,
186,72.00000,0.00000,
186,72.00000,0.00000,
186,72.00000,0.00000,
186,71.00000,0.00000,
186,72.00000,0.00000,
186,72.00000,0.00000,
187,72.00000,0.00000,
187,72.00000,0.00000,
187,72.00000,0.00000,
187,73.00000,0.00000,
187,73.00000,0.00000,
187,73.00000,0.00000,
187,73.00000,0.00000,
186,72.00000,0.00000,
187,72.00000,0.00000,
187,72.00000,0.00000,
187,72.00000,0.00000,
187,72.00000,0.00000,
187,72.00000,0.00000,
188,72.00000,0.00000,
187,72.00000,0.00000,
187,72.00000,0.00000,
187,72.00000,0.00000,
188,72.00000,0.00000,
188,72.00000,0.00000,
188,72.00000,0.00000,
188,72.00000,0.00000,
188,72.00000,0.00000,
188,71.00000,0.00000,
188,73.00000,0.00000,
188,73.00000,0.00000,
188,72.00000,0.00000,
188,72.00000,0.00000,
188,73.00000,0.00000,
188,73.00000,0.00000,
188,73.00000,0.00000,
188,73.00000,0.00000,
188,73.00000,0.00000,
189,73.00000,0.00000,
188,74.00000,0.00000,
189,74.00000,0.00000,
189,74.00000,0.00000,
189,74.00000,0.00000,
189,73.00000,0.00000,
190,74.00000,0.00000,
190,75.00000,0.00000,
190,74.00000,0.00000,
190,75.00000,0.00000,
190,75.00000,0.00000,
190,75.00000,0.00000,
190,76.00000,0.00000,
190,75.00000,0.00000,
190,75.00000,0.00000,
190,75.00000,0.00000,
190,74.00000,0.00000,
190,75.00000,0.00000,
191,75.00000,0.00000,
190,75.00000,0.00000,
191,74.00000,0.00000,
191,75.00000,0.00000,
191,75.00000,0.00000,
191,77.00000,0.00000,
191,77.00000,0.00000,
191,77.00000,0.00000,
191,77.00000,0.00000,
191,77.00000,0.00000,
190,78.00000,0.00000,
191,77.00000,0.00000,
191,77.00000,0.00000,
192,79.00000,0.00000,
191,78.00000,0.00000,
191,79.00000,0.00000,
191,79.00000,0.00000,
191,79.00000,0.00000,
192,80.00000,0.00000,
192,80.00000,0.00000,
192,80.00000,0.00000,
192,80.00000,0.00000,
192,80.00000,0.00000,
192,80.00000,0.00000,
192,80.00000,0.00000,
192,81.00000,0.00000,
192,81.00000,0.00000,
192,81.00000,0.00000,
192,82.00000,0.00000,
193,82.00000,0.00000,
192,82.00000,0.00000,
192,82.00000,0.00000,
192,82.00000,0.00000,
192,83.00000,0.00000,
192,83.00000,0.00000,
192,84.00000,0.00000,
192,84.00000,0.00000,
193,84.00000,0.00000,
193,85.00000,0.00000,
193,85.00000,0.00000,
193,85.00000,0.00000,
193,85.00000,0.00000,
193,86.00000,0.00000,
193,86.00000,0.00000,
193,86.00000,0.00000,
194,86.00000,0.00000,
194,86.00000,0.00000,
194,87.00000,0.00000,
194,88.00000,0.00000,
194,88.00000,0.00000,
194,88.00000,0.00000,
194,88.00000,0.00000,
195,89.00000,0.00000,
195,89.00000,0.00000,
195,89.00000,0.00000,
195,89.00000,0.00000,
195,90.00000,0.00000,
194,90.00000,0.00000,
195,91.00000,0.00000,
195,92.00000,0.00000,
195,92.00000,0.00000,
195,92.00000,0.00000,
195,92.00000,0.00000,
196,93.00000,0.00000,
196,93.00000,0.00000,
196,92.00000,0.00000,
196,93.00000,0.00000,
196,93.00000,0.00000,
195,93.00000,0.00000,
196,94.00000,0.00000,
196,95.00000,0.00000,
196,95.00000,0.00000,
196,95.00000,0.00000,
196,95.00000,0.00000,
196,96.00000,0.00000,
196,97.00000,0.00000,
197,97.00000,0.00000,
196,96.00000,0.00000,
197,98.00000,0.00000,
197,98.00000,0.00000,
197,98.00000,0.00000,
197,99.00000,0.00000,
197,99.00000,0.00000,
197,101.00000,0.00000,
197,101.00000,0.00000,
197,101.00000,0.00000,
197,101.00000,0.00000,
197,101.00000,0.00000,
198,102.00000,0.00000,
197,102.00000,0.00000,
197,103.00000,0.00000,
198,103.00000,0.00000,
198,103.00000,0.00000,
198,104.00000,0.00000,
198,104.00000,0.00000,
197,105.00000,0.00000,
197,105.00000,0.00000,
197,105.00000,0.00000,
197,107.00000,0.00000,
198,106.00000,0.00000,
198,107.00000,0.00000,
198,107.00000,0.00000,
198,108.00000,0.00000,
198,109.00000,0.00000,
198,109.00000,0.00000,
198,110.00000,0.00000,
199,110.00000,0.00000,
198,111.00000,0.00000,
199,111.00000,0.00000,
199,111.00000,0.00000,
198,110.00000,0.00000,
199,111.00000,0.00000,
199,111.00000,0.00000,
200,112.00000,0.00000,
200,112.00000,0.00000,
200,112.00000,0.00000,
200,113.00000,0.00000,
200,113.00000,0.00000,
200,113.00000,0.00000,
200,114.00000,0.00000,
200,115.00000,0.00000,
200,115.00000,0.00000,
200,115.00000,0.00000,
200,116.00000,0.00000,
200,116.00000,0.00000,
200,117.00000,0.00000,
201,117.00000,0.00000,
200,117.00000,0.00000,
201,118.00000,0.00000,
201,119.00000,0.00000,
200,120.00000,0.00000,
201,120.00000,0.00000,
201,122.00000,0.00000,
201,121.00000,0.00000,
201,121.00000,0.00000,
201,122.00000,0.00000,
201,122.00000,0.00000,
201,122.00000,0.00000,
202,124.00000,0.00000,
202,124.00000,0.00000,
201,124.00000,0.00000,
201,125.00000,0.00000,
202,125.00000,0.00000,
202,126.00000,0.00000,
202,126.00000,0.00000,
202,126.00000,0.00000,
202,126.00000,0.00000,
201,126.00000,0.00000,
202,126.00000,0.00000,
202,127.00000,0.00000,
202,127.00000,0.00000,
202,127.00000,0.00000,
202,128.00000,0.00000,
202,128.00000,0.00000,
202,128.00000,0.00000,
202,128.00000,0.00000,
202,128.00000,0.00000,
203,129.00000,0.00000,
203,130.00000,0.00000,
203,132.00000,0.00000,
203,131.00000,0.00000,
203,131.00000,0.00000,
204,131.00000,0.00000,
204,132.00000,0.00000,
204,132.00000,0.00000,
204,132.00000,0.00000,
204,133.00000,0.00000,
203,133.00000,0.00000,
203,133.00000,0.00000,
204,133.00000,0.00000,
204,132.00000,0.00000,
203,132.00000,0.00000,
204,132.00000,0.00000,
204,132.00000,0.00000,
204,132.00000,0.00000,
204,132.00000,0.00000,
204,133.00000,0.00000,
204,132.00000,0.00000,
204,132.00000,0.00000,
204,131.00000,0.00000,
204,132.00000,0.00000,
204,133.00000,0.00000,
205,132.00000,0.00000,
205,132.00000,0.00000,
205,131.00000,0.00000,
205,131.00000,0.00000,
205,132.00000,0.00000,
205,132.00000,0.00000,
205,132.00000,0.00000,
205,132.00000,0.00000,
205,132.00000,0.00000,
206,131.00000,0.00000,
206,130.00000,0.00000,
206,130.00000,0.00000,
206,131.00000,0.00000,
206,130.00000,0.00000,
205,131.00000,0.00000,
205,129.00000,0.00000,
205,128.00000,0.00000,
205,128.00000,0.00000,
206,128.00000,0.00000,
206,129.00000,0.00000,
207,128.00000,0.00000,
206,128.00000,0.00000,
207,128.00000,0.00000,
206,127.00000,0.00000,
206,127.00000,0.00000,
207,126.00000,0.00000,
207,126.00000,0.00000,
207,126.00000,0.00000,
207,126.00000,0.00000,
207,126.00000,0.00000,
207,126.00000,0.00000,
207,126.00000,0.00000,
208,126.00000,0.00000,
208,124.00000,0.00000,
208,125.00000,0.00000,
208,125.00000,0.00000,
207,124.00000,0.00000,
208,124.00000,0.00000,
207,123.00000,0.00000,
207,123.00000,0.00000,
208,122.00000,0.00000,
208,122.00000,0.00000,
208,122.00000,0.00000,
208,122.00000,0.00000,
209,121.00000,0.00000,
208,121.00000,0.00000,
208,120.00000,0.00000,
208,119.00000,0.00000,
208,117.00000,0.00000,
208,117.00000,0.00000,
209,117.00000,0.00000,
208,116.00000,0.00000,
209,116.00000,0.00000,
209,115.00000,0.00000,
209,115.00000,0.00000,
209,114.00000,0.00000,
209,113.00000,0.00000,
210,113.00000,0.00000,
210,112.00000,0.00000,
210,112.00000,0.00000,
210,112.00000,0.00000,
210,110.00000,0.00000,
210,109.00000,0.00000,
210,109.00000,0.00000,
210,108.00000,0.00000,
210,108.00000,0.00000,
210,108.00000,0.00000,
210,106.00000,0.00000,
211,106.00000,0.00000,
211,105.00000,0.00000,
211,105.00000,0.00000,
211,103.00000,0.00000,
211,102.00000,0.00000,
211,102.00000,0.00000,
211,102.00000,0.00000,
211,101.00000,0.00000,
210,100.00000,0.00000,
210,99.00000,0.00000,
210,98.00000,0.00000,
211,97.00000,0.00000,
211,96.00000,0.00000,
211,95.00000,0.00000,
211,94.00000,0.00000,
212,93.00000,0.00000,
212,91.00000,0.00000,
212,91.00000,0.00000,
212,91.00000,0.00000,
212,90.00000,0.00000,
212,88.00000,0.00000,
212,87.00000,0.00000,
212,86.00000,0.00000,
212,85.00000,0.00000,
212,85.00000,0.00000,
213,84.00000,0.00000,
212,83.00000,0.00000,
213,82.00000,0.00000,
213,81.00000,0.00000,
212,80.00000,0.00000,
212,79.00000,0.00000,
213,78.00000,0.00000,
213,77.00000,0.00000,
213,76.00000,0.00000,
213,76.00000,0.00000,
213,75.00000,0.00000,
213,74.00000,0.00000,
214,73.00000,0.00000,
214,72.00000,0.00000,
214,71.00000,0.00000,
214,70.00000,0.00000,
214,69.00000,0.00000,
214,70.00000,0.00000,
214,69.00000,0.00000,
213,67.00000,0.00000,
214,66.00000,0.00000,
214,65.00000,0.00000,
214,64.00000,0.00000,
214,63.00000,0.00000,
214,62.00000,0.00000,
214,61.00000,0.00000,
215,61.00000,0.00000,
215,59.00000,0.00000,
215,58.00000,0.00000,
215,58.00000,0.00000,
215,57.00000,0.00000,
215,56.00000,0.00000,
215,55.00000,0.00000,
215,55.00000,0.00000,
215,54.00000,0.00000,
215,53.00000,0.00000,
215,52.00000,0.00000,
216,52.00000,0.00000,
216,50.00000,0.00000,
216,50.00000,0.00000,
216,49.00000,0.00000,
216,49.00000,0.00000,
216,47.00000,0.00000,
216,46.00000,0.00000,
216,45.00000,0.00000,
216,44.00000,0.00000,
216,44.00000,0.00000,
216,43.00000,0.00000,
216,43.00000,0.00000,
216,43.00000,0.00000,
217,41.00000,0.00000,
217,41.00000,0.00000,
217,40.00000,0.00000,
217,39.00000,0.00000,
217,39.00000,0.00000,
217,38.00000,0.00000,
217,38.00000,0.00000,
217,37.00000,0.00000,
217,37.00000,0.00000,
217,36.00000,0.00000,
217,35.00000,0.00000,
218,35.00000,0.00000,
218,33.00000,0.00000,
218,33.00000,0.00000,
218,32.00000,0.00000,
218,31.00000,0.00000,
219,31.00000,0.00000,
221,31.00000,0.00000,
222,30.00000,0.00000,
223,31.00000,0.00000,
224,31.00000,0.00000,
224,32.00000,0.00000,
225,32.00000,0.00000,
225,32.00000,0.00000,
225,32.00000,0.00000,
225,32.00000,0.00000,
225,31.00000,0.00000,
225,31.00000,0.00000,
225,30.00000,0.00000,
225,30.00000,0.00000,
225,30.00000,0.00000,
225,30.00000,0.00000,
225,29.00000,0.00000,
225,29.00000,0.00000,
225,28.00000,0.00000,
225,28.00000,0.00000,
