temp,count_original,count_0,count_1,count_2,count_3,count_4,count_5,count_6,count_7,count_8,count_9,
35.93000,1.89045,0.00000,0.00006,0.00000,0.15845,0.00000,0.00000,0.00000,0.00000,0.15851,1.89045,
35.95000,1.87500,0.00000,0.00006,0.00000,0.15870,0.00000,0.00000,0.00000,0.00000,0.15876,1.87500,
35.97000,1.86910,0.00000,0.00006,0.00000,0.15895,0.00000,0.00000,0.00000,0.00000,0.15901,1.86910,
35.64000,1.87500,0.00000,0.00005,0.00000,0.15489,0.00000,0.00000,0.00000,0.00000,0.15495,1.87500,
36.10000,1.89045,0.00000,0.00006,0.00000,0.16057,0.00000,0.00000,0.00000,0.00000,0.16063,1.89045,
36.73000,1.90955,0.00000,0.00006,0.00000,0.16867,0.00000,0.00000,0.00000,0.00000,0.16873,1.90955,
38.15000,1.92500,0.00000,0.00008,0.00000,0.18829,0.00000,0.00000,0.00000,0.00000,0.18837,1.92500,
39.10000,1.93090,0.00000,0.00009,0.00000,0.20255,0.00000,0.00000,0.00000,0.00000,0.20264,1.93090,
39.74000,1.92500,0.00000,0.00010,0.00000,0.21270,0.00000,0.00000,0.00000,0.00000,0.21280,1.92500,
41.16000,1.90955,0.00000,0.00012,0.00001,0.23690,0.00000,0.00000,0.00000,0.00000,0.23703,1.90955,
41.77000,1.89009,0.00000,0.00013,0.00001,0.24804,0.00000,0.00000,0.00000,0.00000,0.24818,1.89009,
44.51000,1.87236,0.00000,0.00020,0.00001,0.30416,0.00000,0.00000,0.00000,0.00000,0.30437,1.87236,
44.01000,1.85932,0.00000,0.00019,0.00001,0.29313,0.00000,0.00000,0.00000,0.00000,0.29333,1.85932,
43.67000,1.85000,0.00000,0.00018,0.00001,0.28584,0.00000,0.00000,0.00000,0.00000,0.28603,1.85000,
43.78000,1.84031,0.00000,0.00018,0.00001,0.28818,0.00000,0.00000,0.00000,0.00000,0.28837,1.84031,
43.85000,1.82536,0.00000,0.00018,0.00001,0.28968,0.00000,0.00000,0.00000,0.00000,0.28987,1.82536,
44.24000,1.80278,0.00000,0.00019,0.00001,0.29816,0.00000,0.00000,0.00000,0.00000,0.29836,1.80278,
44.49000,1.77486,0.00000,0.00020,0.00001,0.30371,0.00000,0.00000,0.00000,0.00000,0.30392,1.77486,
44.66000,1.74759,0.00000,0.00020,0.00001,0.30754,0.00000,0.00000,0.00000,0.00000,0.30775,1.74759,
44.44000,1.72719,0.00000,0.00020,0.00001,0.30259,0.00000,0.00000,0.00000,0.00000,0.30280,1.72719,
44.96000,1.71682,0.00000,0.00021,0.00001,0.31440,0.00000,0.00000,0.00000,0.00000,0.31462,1.71682,
45.64000,1.71531,0.00000,0.00024,0.00001,0.33046,0.00000,0.00000,0.00000,0.00000,0.33071,1.71531,
45.76000,1.71809,0.00000,0.00024,0.00001,0.33337,0.00000,0.00000,0.00000,0.00000,0.33363,1.71809,
46.51000,1.71946,0.00000,0.00027,0.00002,0.35209,0.00000,0.00000,0.00000,0.00000,0.35238,1.71946,
47.00000,1.71582,0.00000,0.00029,0.00002,0.36483,0.00000,0.00000,0.00000,0.00000,0.36513,1.71582,
47.34000,1.70854,0.00000,0.00030,0.00002,0.37391,0.00000,0.00000,0.00000,0.00000,0.37423,1.70854,
45.89000,1.70351,0.00000,0.00024,0.00001,0.33655,0.00000,0.00000,0.00000,0.00000,0.33681,1.70351,
46.93000,1.70727,0.00000,0.00028,0.00002,0.36299,0.00000,0.00000,0.00000,0.00000,0.36329,1.70727,
47.28000,1.72354,0.00000,0.00030,0.00002,0.37229,0.00000,0.00000,0.00000,0.00000,0.37261,1.72354,
47.52000,1.75123,0.00000,0.00031,0.00002,0.37880,0.00000,0.00000,0.00000,0.00000,0.37912,1.75123,
48.35000,1.78477,0.00000,0.00035,0.00002,0.40209,0.00000,0.00000,0.00000,0.00000,0.40246,1.78477,
48.57000,1.81686,0.00000,0.00036,0.00002,0.40847,0.00000,0.00000,0.00000,0.00000,0.40885,1.81686,
49.04000,1.84205,0.00000,0.00038,0.00003,0.42242,0.00000,0.00000,0.00000,0.00000,0.42282,1.84205,
49.36000,1.85955,0.00000,0.00040,0.00003,0.43215,0.00000,0.00000,0.00000,0.00000,0.43258,1.85955,
50.24000,1.87304,0.00000,0.00045,0.00003,0.45997,0.00000,0.00000,0.00000,0.00000,0.46046,1.87304,
51.16000,1.88677,0.00000,0.00051,0.00004,0.49075,0.00000,0.00000,0.00000,0.00000,0.49130,1.88677,
51.11000,1.90182,0.00000,0.00051,0.00004,0.48903,0.00000,0.00000,0.00000,0.00000,0.48958,1.90182,
49.74000,1.91545,0.00000,0.00042,0.00003,0.44398,0.00000,0.00000,0.00000,0.00000,0.44443,1.91545,
50.49000,1.92281,0.00000,0.00047,0.00003,0.46816,0.00000,0.00000,0.00000,0.00000,0.46866,1.92281,
50.99000,1.92014,0.00000,0.00050,0.00004,0.48493,0.00000,0.00000,0.00000,0.00000,0.48547,1.92014,
52.00000,1.90727,0.00000,0.00058,0.00004,0.52045,0.00000,0.00000,0.00000,0.00000,0.52107,1.90727,
52.66000,1.88745,0.00000,0.00063,0.00005,0.54488,0.00000,0.00000,0.00000,0.00000,0.54557,1.88745,
53.11000,1.86486,0.00000,0.00067,0.00006,0.56213,0.00000,0.00000,0.00000,0.00000,0.56286,1.86486,
53.41000,1.84109,0.00000,0.00070,0.00006,0.57389,0.00000,0.00000,0.00000,0.00000,0.57465,1.84109,
53.94000,1.81318,0.00000,0.00075,0.00006,0.59520,0.00000,0.00000,0.00000,0.00000,0.59602,1.81318,
54.29000,1.77568,0.00000,0.00079,0.00007,0.60966,0.00000,0.00000,0.00000,0.00000,0.61052,1.77568,
54.53000,1.72455,0.00000,0.00082,0.00007,0.61975,0.00000,0.00000,0.00000,0.00000,0.62064,1.72455,
55.35000,1.66095,0.00000,0.00091,0.00008,0.65534,0.00000,0.00000,0.00000,0.00000,0.65634,1.66095,
55.90000,1.59382,0.00000,0.00098,0.00009,0.68021,0.00000,0.00000,0.00000,0.00000,0.68129,1.59382,
56.27000,1.53901,0.00000,0.00103,0.00010,0.69741,0.00000,0.00000,0.00000,0.00000,0.69854,1.53901,
56.18000,1.51446,0.00000,0.00102,0.00010,0.69319,0.00000,0.00000,0.00000,0.00000,0.69431,1.51446,
56.79000,1.53264,0.00000,0.00111,0.00011,0.72222,0.00000,0.00000,0.00000,0.00000,0.72344,1.53264,
56.52000,1.59351,0.00000,0.00107,0.00011,0.70924,0.00000,0.00000,0.00000,0.00000,0.71042,1.59351,
57.02000,1.68227,0.00000,0.00114,0.00012,0.73344,0.00000,0.00000,0.00000,0.00000,0.73470,1.68227,
57.68000,1.77326,0.00000,0.00125,0.00013,0.76648,0.00000,0.00000,0.00000,0.00000,0.76786,1.77326,
58.45000,1.83840,0.00000,0.00138,0.00015,0.80667,0.00000,0.00000,0.00000,0.00000,0.80820,1.83840,
58.63000,1.85832,0.00000,0.00142,0.00016,0.81632,0.00000,0.00000,0.00000,0.00000,0.81790,1.85832,
58.42000,1.83090,0.00000,0.00138,0.00015,0.80507,0.00000,0.00000,0.00000,0.00000,0.80660,1.83090,
59.28000,1.77186,0.00000,0.00155,0.00018,0.85203,0.00000,0.00000,0.00000,0.00000,0.85375,1.77186,
59.85000,1.70632,0.00000,0.00167,0.00020,0.88444,0.00000,0.00000,0.00000,0.00000,0.88631,1.70632,
60.24000,1.65719,0.00000,0.00175,0.00021,0.90723,0.00000,0.00000,0.00000,0.00000,0.90920,1.65719,
60.82000,1.63646,0.00000,0.00189,0.00023,0.94206,0.00000,0.00000,0.00000,0.00000,0.94419,1.63646,
60.88000,1.64250,0.00000,0.00191,0.00024,0.94573,0.00000,0.00000,0.00000,0.00000,0.94788,1.64250,
60.92000,1.66359,0.00000,0.00192,0.00024,0.94819,0.00000,0.00000,0.00000,0.00000,0.95034,1.66359,
61.61000,1.68564,0.00000,0.00210,0.00027,0.99135,0.00000,0.00000,0.00000,0.00000,0.99372,1.68564,
61.41000,1.69986,0.00000,0.00204,0.00026,0.97867,0.00000,0.00000,0.00000,0.00000,0.98098,1.69986,
62.27000,1.70554,0.00000,0.00229,0.00030,1.03421,0.00000,0.00000,0.00000,0.00000,1.03680,1.70554,
62.18000,1.70705,0.00000,0.00226,0.00030,1.02828,0.00000,0.00000,0.00000,0.00000,1.03083,1.70705,
62.12000,1.70932,0.00000,0.00224,0.00029,1.02433,0.00000,0.00000,0.00000,0.00000,1.02687,1.70932,
62.41000,1.71568,0.00000,0.00233,0.00031,1.04350,0.00000,0.00000,0.00000,0.00000,1.04614,1.71568,
63.28000,1.72750,0.00000,0.00261,0.00036,1.10286,0.00000,0.00000,0.00000,0.00000,1.10583,1.72750,
64.85000,1.74483,0.00000,0.00319,0.00048,1.21723,0.00000,0.00000,0.00000,0.00000,1.22090,1.74483,
64.90000,1.76786,0.00000,0.00321,0.00049,1.22103,0.00000,0.00000,0.00000,0.00000,1.22473,1.76786,
64.60000,1.79759,0.00000,0.00309,0.00046,1.19838,0.00000,0.00000,0.00000,0.00000,1.20192,1.79759,
65.07000,1.83418,0.00000,0.00328,0.00050,1.23403,0.00000,0.00000,0.00000,0.00000,1.23781,1.83418,
65.38000,1.87514,0.00000,0.00341,0.00053,1.25803,0.00000,0.00000,0.00000,0.00000,1.26197,1.87514,
65.25000,1.91545,0.00000,0.00336,0.00052,1.24792,0.00000,0.00000,0.00000,0.00000,1.25179,1.91545,
65.83000,1.94986,0.00000,0.00361,0.00057,1.29356,0.00000,0.00000,0.00000,0.00000,1.29775,1.94986,
66.22000,1.97500,0.00000,0.00380,0.00061,1.32503,0.00000,0.00000,0.00000,0.00000,1.32944,1.97500,
67.15000,1.98986,0.00000,0.00427,0.00072,1.40265,0.00000,0.00000,0.00000,0.00000,1.40765,1.98986,
67.77000,1.99472,0.00000,0.00462,0.00080,1.45646,0.00000,0.00000,0.00000,0.00000,1.46188,1.99472,
67.84000,1.98986,0.00000,0.00466,0.00081,1.46264,0.00000,0.00000,0.00000,0.00000,1.46811,1.98986,
67.90000,1.97500,0.00000,0.00469,0.00082,1.46796,0.00000,0.00000,0.00000,0.00000,1.47347,1.97500,
68.26000,1.95023,0.00000,0.00491,0.00088,1.50018,0.00000,0.00000,0.00000,0.00000,1.50596,1.95023,
68.18000,1.91773,0.00000,0.00486,0.00086,1.49297,0.00000,0.00000,0.00000,0.00000,1.49869,1.91773,
68.45000,1.88227,0.00000,0.00503,0.00091,1.51742,0.00000,0.00000,0.00000,0.00000,1.52335,1.88227,
69.30000,1.84977,0.00000,0.00559,0.00105,1.59652,0.00000,0.00000,0.00000,0.00000,1.60316,1.84977,
69.53000,1.82500,0.00000,0.00575,0.00109,1.61849,0.00000,0.00000,0.00000,0.00000,1.62534,1.82500,
70.02000,1.80977,0.00000,0.00612,0.00119,1.66611,0.00000,0.00000,0.00000,0.00000,1.67342,1.80977,
70.01000,1.80300,0.00000,0.00611,0.00119,1.66513,0.00000,0.00000,0.00000,0.00000,1.67242,1.80300,
70.68000,1.80337,0.00000,0.00664,0.00133,1.73203,0.00000,0.00000,0.00000,0.00000,1.74000,1.80337,
71.12000,1.81205,0.00000,0.00701,0.00144,1.77712,0.00000,0.00000,0.00000,0.00000,1.78556,1.81205,
71.75000,1.83214,0.00000,0.00757,0.00160,1.84329,0.00000,0.00000,0.00000,0.00000,1.85246,1.83214,
71.50000,1.86500,0.00000,0.00734,0.00153,1.81680,0.00000,0.00000,0.00000,0.00000,1.82568,1.86500,
72.33000,1.90705,0.00000,0.00813,0.00176,1.90592,0.00000,0.00000,0.00000,0.00000,1.91581,1.90705,
72.89000,1.94986,0.00000,0.00871,0.00194,1.96795,0.00000,0.00000,0.00000,0.00000,1.97860,1.94986,
72.59000,1.98377,0.00000,0.00839,0.00184,1.93453,0.00000,0.00000,0.00000,0.00000,1.94476,1.98377,
73.73000,2.00300,0.00000,0.00964,0.00224,2.06392,0.00000,0.00000,0.00000,0.00000,2.07580,2.00300,
74.15000,2.00955,0.00000,0.01015,0.00240,2.11323,0.00000,0.00000,0.00000,0.00000,2.12578,2.00955,
74.77000,2.01281,0.00000,0.01094,0.00266,2.18765,0.00000,0.00000,0.00000,0.00000,2.20125,2.01281,
74.51000,2.02405,0.00000,0.01060,0.00255,2.15621,0.00000,0.00000,0.00000,0.00000,2.16935,2.02405,
75.34000,2.04910,0.00000,0.01171,0.00293,2.25780,0.00000,0.00000,0.00000,0.00000,2.27244,2.04910,
75.23000,2.08559,0.00000,0.01156,0.00288,2.24413,0.00000,0.00000,0.00000,0.00000,2.25857,2.08559,
75.49000,2.12545,0.00000,0.01193,0.00301,2.27653,0.00000,0.00000,0.00000,0.00000,2.29146,2.12545,
75.66000,2.15977,0.00000,0.01217,0.00309,2.29790,0.00000,0.00000,0.00000,0.00000,2.31317,2.15977,
75.77000,2.18273,0.00000,0.01233,0.00315,2.31181,0.00000,0.00000,0.00000,0.00000,2.32730,2.18273,
76.51000,2.19208,0.00000,0.01348,0.00356,2.40699,0.00000,0.00000,0.00000,0.00000,2.42403,2.19208,
77.01000,2.18722,0.00000,0.01431,0.00387,2.47290,0.00000,0.00000,0.00000,0.00000,2.49107,2.18722,
77.34000,2.16786,0.00000,0.01488,0.00409,2.51710,0.00000,0.00000,0.00000,0.00000,2.53607,2.16786,
78.23000,2.13500,0.00000,0.01654,0.00473,2.63912,0.00000,0.00000,0.00000,0.00000,2.66039,2.13500,
78.48000,2.09368,0.00000,0.01703,0.00493,2.67413,0.00000,0.00000,0.00000,0.00000,2.69609,2.09368,
78.99000,2.05505,0.00000,0.01809,0.00536,2.74654,0.00000,0.00000,0.00000,0.00000,2.76999,2.05505,
78.99000,2.03351,0.00000,0.01809,0.00536,2.74654,0.00000,0.00000,0.00000,0.00000,2.76999,2.03351,
79.33000,2.04023,0.00000,0.01883,0.00567,2.79556,0.00000,0.00000,0.00000,0.00000,2.82005,2.04023,
79.55000,2.07741,0.00000,0.01932,0.00587,2.82759,0.00000,0.00000,0.00000,0.00000,2.85278,2.07741,
80.03000,2.13637,0.00000,0.02044,0.00635,2.89832,0.00000,0.00000,0.00000,0.00000,2.92511,2.13637,
80.69000,2.20163,0.00000,0.02208,0.00707,2.99748,0.00000,0.00000,0.00000,0.00000,3.02663,2.20163,
81.13000,2.25854,0.00000,0.02324,0.00759,3.06479,0.00000,0.00000,0.00000,0.00000,3.09562,2.25854,
81.75000,2.29896,0.00000,0.02497,0.00839,3.16126,0.00000,0.00000,0.00000,0.00000,3.19463,2.29896,
81.83000,2.32318,0.00000,0.02521,0.00850,3.17385,0.00000,0.00000,0.00000,0.00000,3.20755,2.32318,
82.22000,2.33781,0.00000,0.02637,0.00905,3.23564,0.00000,0.00000,0.00000,0.00000,3.27106,2.33781,
82.48000,2.35123,0.00000,0.02718,0.00943,3.27724,0.00000,0.00000,0.00000,0.00000,3.31385,2.35123,
82.65000,2.37014,0.00000,0.02772,0.00969,3.30461,0.00000,0.00000,0.00000,0.00000,3.34202,2.37014,
82.77000,2.39759,0.00000,0.02810,0.00988,3.32401,0.00000,0.00000,0.00000,0.00000,3.36200,2.39759,
83.18000,2.43191,0.00000,0.02946,0.01055,3.39082,0.00000,0.00000,0.00000,0.00000,3.43083,2.43191,
84.12000,2.46764,0.00000,0.03282,0.01226,3.54687,0.00000,0.00000,0.00000,0.00000,3.59195,2.46764,
84.41000,2.49759,0.00000,0.03392,0.01284,3.59581,0.00000,0.00000,0.00000,0.00000,3.64257,2.49759,
84.61000,2.51531,0.00000,0.03471,0.01325,3.62977,0.00000,0.00000,0.00000,0.00000,3.67772,2.51531,
85.41000,2.51786,0.00000,0.03802,0.01504,3.76729,0.00000,0.00000,0.00000,0.00000,3.82035,2.51786,
85.60000,2.50764,0.00000,0.03885,0.01549,3.80034,0.00000,0.00000,0.00000,0.00000,3.85468,2.50764,
85.74000,2.49309,0.00000,0.03947,0.01584,3.82478,0.00000,0.00000,0.00000,0.00000,3.88009,2.49309,
86.49000,2.48741,0.00000,0.04296,0.01782,3.95701,0.00000,0.00000,0.00000,0.00000,4.01779,2.48741,
86.66000,2.50460,0.00000,0.04380,0.01830,3.98727,0.00000,0.00000,0.00000,0.00000,4.04937,2.50460,
86.77000,2.55542,0.00000,0.04434,0.01862,4.00691,0.00000,0.00000,0.00000,0.00000,4.06987,2.55542,
87.18000,2.64432,0.00000,0.04644,0.01986,4.08047,0.00000,0.00000,0.00000,0.00000,4.14677,2.64432,
87.45000,2.76632,0.00000,0.04787,0.02071,4.12923,0.00000,0.00000,0.00000,0.00000,4.19781,2.76632,
87.64000,2.90545,0.00000,0.04890,0.02133,4.16369,0.00000,0.00000,0.00000,0.00000,4.23392,2.90545,
88.09000,3.03795,0.00000,0.05143,0.02288,4.24574,0.00000,0.00000,0.00000,0.00000,4.32006,3.03795,
88.73000,3.13995,0.00000,0.05524,0.02527,4.36348,0.00000,0.00000,0.00000,0.00000,4.44399,3.13995,
89.48000,3.19658,0.00000,0.06005,0.02838,4.50282,0.00000,0.00000,0.00000,0.00000,4.59125,3.19658,
89.99000,3.20832,0.00000,0.06355,0.03070,4.59832,0.00000,0.00000,0.00000,0.00000,4.69257,3.20832,
90.33000,3.19146,0.00000,0.06598,0.03234,4.66228,0.00000,0.00000,0.00000,0.00000,4.76061,3.19146,
90.55000,3.17200,0.00000,0.06761,0.03345,4.70378,0.00000,0.00000,0.00000,0.00000,4.80484,3.17200,
90.70000,3.17477,0.00000,0.06874,0.03423,4.73211,0.00000,0.00000,0.00000,0.00000,4.83508,3.17477,
92.13000,3.21356,0.00000,0.08043,0.04258,5.00369,0.00000,0.00000,0.00000,0.00000,5.12670,3.21356,
92.09000,3.28814,0.00000,0.08008,0.04232,4.99607,0.00000,0.00000,0.00000,0.00000,5.11847,3.28814,
92.06000,3.38905,0.00000,0.07982,0.04213,4.99035,0.00000,0.00000,0.00000,0.00000,5.11230,3.38905,
92.71000,3.50446,0.00000,0.08570,0.04650,5.11428,0.00000,0.00000,0.00000,0.00000,5.24648,3.50446,
92.47000,3.62550,0.00000,0.08348,0.04483,5.06851,0.00000,0.00000,0.00000,0.00000,5.19682,3.62550,
92.65000,3.74818,0.00000,0.08514,0.04607,5.10284,0.00000,0.00000,0.00000,0.00000,5.23405,3.74818,
93.10000,3.87082,0.00000,0.08942,0.04932,5.18868,0.00000,0.00000,0.00000,0.00000,5.32742,3.87082,
93.40000,3.98950,0.00000,0.09239,0.05161,5.24589,0.00000,0.00000,0.00000,0.00000,5.38988,3.98950,
93.93000,4.09627,0.00000,0.09786,0.05590,5.34685,0.00000,0.00000,0.00000,0.00000,5.50060,4.09627,
94.29000,4.18177,0.00000,0.10175,0.05901,5.41529,0.00000,0.00000,0.00000,0.00000,5.57605,4.18177,
94.53000,4.24031,0.00000,0.10442,0.06117,5.46084,0.00000,0.00000,0.00000,0.00000,5.62643,4.24031,
95.35000,4.27340,0.00000,0.11407,0.06916,5.61575,0.00000,0.00000,0.00000,0.00000,5.79898,4.27340,
95.23000,4.28955,0.00000,0.11261,0.06793,5.59316,0.00000,0.00000,0.00000,0.00000,5.77370,4.28955,
95.49000,4.30205,0.00000,0.11580,0.07062,5.64207,0.00000,0.00000,0.00000,0.00000,5.82849,4.30205,
95.99000,4.32486,0.00000,0.12218,0.07608,5.73567,0.00000,0.00000,0.00000,0.00000,5.93393,4.32486,
96.66000,4.36741,0.00000,0.13126,0.08404,5.85996,0.00000,0.00000,0.00000,0.00000,6.07525,4.36741,
97.11000,4.43247,0.00000,0.13771,0.08982,5.94257,0.00000,0.00000,0.00000,0.00000,6.17011,4.43247,
97.07000,4.51800,0.00000,0.13713,0.08929,5.93526,0.00000,0.00000,0.00000,0.00000,6.16168,4.51800,
97.38000,4.62059,0.00000,0.14173,0.09348,5.99175,0.00000,0.00000,0.00000,0.00000,6.22696,4.62059,
97.92000,4.73792,0.00000,0.15009,0.10122,6.08916,0.00000,0.00000,0.00000,0.00000,6.34048,4.73792,
98.28000,4.86910,0.00000,0.15593,0.10672,6.15332,0.00000,0.00000,0.00000,0.00000,6.41597,4.86910,
98.85000,5.01281,0.00000,0.16561,0.11603,6.25347,0.00000,0.00000,0.00000,0.00000,6.53511,5.01281,
98.90000,5.16559,0.00000,0.16649,0.11688,6.26216,0.00000,0.00000,0.00000,0.00000,6.54553,5.16559,
98.93000,5.32210,0.00000,0.16701,0.11739,6.26737,0.00000,0.00000,0.00000,0.00000,6.55178,5.32210,
99.29000,5.47845,0.00000,0.17347,0.12374,6.32946,0.00000,0.00000,0.00000,0.00000,6.62666,5.47845,
99.86000,5.63604,0.00000,0.18418,0.13446,6.42601,0.00000,0.00000,0.00000,0.00000,6.74465,5.63604,
100.57000,5.80174,0.00000,0.19840,0.14906,6.54296,0.00000,0.00000,0.00000,0.00000,6.89043,5.80174,
101.05000,5.98446,0.00000,0.20859,0.15979,6.61974,0.00000,0.00000,0.00000,0.00000,6.98812,5.98446,
101.37000,6.18972,0.00000,0.21566,0.16735,6.66981,0.00000,0.00000,0.00000,0.00000,7.05283,6.18972,
101.24000,6.41391,0.00000,0.21276,0.16424,6.64958,0.00000,0.00000,0.00000,0.00000,7.02658,6.41391,
102.16000,6.64300,0.00000,0.23410,0.18751,6.78933,0.00000,0.00000,0.00000,0.00000,7.21094,6.64300,
102.44000,6.85905,0.00000,0.24099,0.19520,6.83019,0.00000,0.00000,0.00000,0.00000,7.26638,6.85905,
102.63000,7.04958,0.00000,0.24577,0.20059,6.85745,0.00000,0.00000,0.00000,0.00000,7.30382,7.04958,
103.42000,7.21304,0.00000,0.26664,0.22457,6.96649,0.00000,0.00000,0.00000,0.00000,7.45770,7.21304,
103.61000,7.35800,0.00000,0.27190,0.23073,6.99163,0.00000,0.00000,0.00000,0.00000,7.49427,7.35800,
104.07000,7.49764,0.00001,0.28505,0.24634,7.05066,0.00000,0.00000,0.00000,0.00000,7.58205,7.49764,
104.72000,7.64217,0.00001,0.30467,0.27012,7.12942,0.00000,0.00000,0.00000,0.00000,7.70422,7.64217,
104.81000,7.79295,0.00001,0.30748,0.27358,7.13988,0.00000,0.00000,0.00000,0.00000,7.72095,7.79295,
105.21000,7.94151,0.00001,0.32029,0.28949,7.18500,0.00000,0.00000,0.00000,0.00000,7.79478,7.94151,
105.80000,8.07554,0.00001,0.34011,0.31457,7.24732,0.00000,0.00000,0.00000,0.00000,7.90202,8.07554,
105.54000,8.18703,0.00001,0.33124,0.30327,7.22049,0.00000,0.00000,0.00000,0.00000,7.85501,8.18703,
105.36000,8.27601,0.00001,0.32523,0.29568,7.20133,0.00000,0.00000,0.00000,0.00000,7.82224,8.27601,
105.91000,8.34882,0.00001,0.34394,0.31948,7.25837,0.00000,0.00000,0.00000,0.00000,7.92179,8.34882,
106.27000,8.41343,0.00001,0.35673,0.33604,7.29321,0.00000,0.00000,0.00000,0.00000,7.98599,8.41343,
107.51000,8.47405,0.00001,0.40433,0.39959,7.39720,0.00000,0.00000,0.00000,0.00000,8.20113,8.47405,
107.68000,8.52974,0.00001,0.41131,0.40915,7.40943,0.00000,0.00000,0.00000,0.00000,8.22989,8.52974,
108.12000,8.57913,0.00001,0.42990,0.43492,7.43869,0.00000,0.00000,0.00000,0.00000,8.30352,8.57913,
108.41000,8.62604,0.00001,0.44258,0.45274,7.45607,0.00000,0.00000,0.00000,0.00000,8.35141,8.62604,
108.27000,8.68106,0.00001,0.43642,0.44405,7.44788,0.00000,0.00000,0.00000,0.00000,8.32836,8.68106,
109.18000,8.75682,0.00002,0.47800,0.50352,7.49458,0.00000,0.00000,0.00000,0.00000,8.47612,8.75682,
109.79000,8.86017,0.00002,0.50795,0.54755,7.51695,0.00000,0.00000,0.00000,0.00000,8.57246,8.86017,
109.86000,8.98609,0.00002,0.51149,0.55283,7.51905,0.00000,0.00000,0.00000,0.00000,8.58339,8.98609,
110.57000,9.11741,0.00002,0.54882,0.60921,7.53465,0.00000,0.00000,0.00000,0.00000,8.69270,9.11741,
110.72000,9.23121,0.00002,0.55703,0.62180,7.53661,0.00000,0.00000,0.00000,0.00000,8.71547,9.23121,
111.48000,9.30812,0.00003,0.60044,0.68950,7.53922,0.00000,0.00000,0.00000,0.00000,8.82919,9.30812,
111.65000,9.33927,0.00003,0.61058,0.70557,7.53810,0.00000,0.00000,0.00000,0.00000,8.85428,9.33927,
111.77000,9.32767,0.00003,0.61783,0.71713,7.53694,0.00000,0.00000,0.00000,0.00000,8.87193,9.32767,
112.18000,9.28540,0.00003,0.64324,0.75800,7.53055,0.00000,0.00000,0.00000,0.00000,8.93182,9.28540,
112.45000,9.22932,0.00003,0.66050,0.78610,7.52431,0.00000,0.00000,0.00000,0.00000,8.97095,9.22932,
112.30000,9.17696,0.00003,0.65085,0.77037,7.52798,0.00000,0.00000,0.00000,0.00000,8.94924,9.17696,
112.87000,9.14236,0.00004,0.68823,0.83180,7.51135,0.00000,0.00000,0.00000,0.00000,9.03141,9.14236,
113.58000,9.13227,0.00004,0.73761,0.91481,7.48031,0.00000,0.00000,0.00000,0.00000,9.13277,9.13227,
113.72000,9.14351,0.00004,0.74774,0.93207,7.47282,0.00000,0.00000,0.00000,0.00000,9.15267,9.14351,
114.15000,9.16354,0.00005,0.77966,0.98705,7.44697,0.00000,0.00000,0.00000,0.00000,9.21373,9.16354,
114.43000,9.17590,0.00005,0.80114,1.02448,7.42783,0.00000,0.00000,0.00000,0.00000,9.25350,9.17590,
114.62000,9.16655,0.00005,0.81602,1.05064,7.41380,0.00000,0.00000,0.00000,0.00000,9.28051,9.16655,
114.75000,9.12840,0.00006,0.82636,1.06889,7.40371,0.00000,0.00000,0.00000,0.00000,9.29902,9.12840,
115.16000,9.06377,0.00006,0.85978,1.12845,7.36928,0.00000,0.00000,0.00000,0.00000,9.35757,9.06377,
115.44000,8.98337,0.00006,0.88333,1.17091,7.34349,0.00000,0.00000,0.00000,0.00000,9.39780,8.98337,
115.63000,8.90214,0.00007,0.89965,1.20057,7.32494,0.00000,0.00000,0.00000,0.00000,9.42523,8.90214,
115.75000,8.83405,0.00007,0.91011,1.21966,7.31279,0.00000,0.00000,0.00000,0.00000,9.44263,8.83405,
116.50000,8.78820,0.00008,0.97811,1.34560,7.22913,0.00000,0.00000,0.00000,0.00000,9.55292,8.78820,
117.00000,8.76705,0.00009,1.02607,1.43621,7.16601,0.00000,0.00000,0.00000,0.00000,9.62838,8.76705,
118.00000,8.76649,0.00011,1.12872,1.63477,7.02230,0.00000,0.00000,0.00000,0.00000,9.78591,8.76649,
118.33000,8.77696,0.00012,1.16466,1.70571,6.96983,0.00000,0.00000,0.00000,0.00000,9.84032,8.77696,
118.56000,8.78828,0.00013,1.19035,1.75683,6.93179,0.00000,0.00000,0.00000,0.00000,9.87910,8.78828,
119.04000,8.79736,0.00014,1.24568,1.86812,6.84859,0.00000,0.00000,0.00000,0.00000,9.96254,8.79736,
118.69000,8.81146,0.00013,1.20510,1.78635,6.90977,0.00000,0.00000,0.00000,0.00000,9.90135,8.81146,
119.13000,8.84460,0.00014,1.25632,1.88970,6.83242,0.00000,0.00000,0.00000,0.00000,9.97859,8.84460,
119.75000,8.91028,0.00016,1.33199,2.04473,6.71620,0.00000,0.00000,0.00000,0.00000,10.09308,8.91028,
120.17000,9.01323,0.00018,1.38566,2.15630,6.63278,0.00000,0.00000,0.00000,0.00000,10.17492,9.01323,
120.78000,9.14464,0.00020,1.46723,2.32832,6.50507,0.00000,0.00000,0.00000,0.00000,10.30083,9.14464,
121.19000,9.28405,0.00022,1.52458,2.45089,6.41501,0.00000,0.00000,0.00000,0.00000,10.39069,9.28405,
121.46000,9.40786,0.00023,1.56349,2.53478,6.35389,0.00000,0.00000,0.00000,0.00000,10.45239,9.40786,
121.64000,9.50127,0.00024,1.58994,2.59215,6.31237,0.00000,0.00000,0.00000,0.00000,10.49470,9.50127,
122.09000,9.56641,0.00027,1.65793,2.74075,6.20592,0.00000,0.00000,0.00000,0.00000,10.60486,9.56641,
122.39000,9.62137,0.00029,1.70476,2.84405,6.13290,0.00000,0.00000,0.00000,0.00000,10.68199,9.62137,
122.60000,9.69255,0.00030,1.73827,2.91843,6.08085,0.00000,0.00000,0.00000,0.00000,10.73785,9.69255,
123.40000,9.80469,0.00035,1.87170,3.21802,5.87575,0.00000,0.00000,0.00000,0.00000,10.96582,9.80469,
123.27000,9.97129,0.00034,1.84939,3.16754,5.90978,0.00000,0.00000,0.00000,0.00000,10.92706,9.97129,
123.51000,10.18946,0.00036,1.89078,3.26129,5.84674,0.00000,0.00000,0.00000,0.00000,10.99918,10.18946,
124.01000,10.44155,0.00040,1.97983,3.46456,5.71258,0.00000,0.00000,0.00000,0.00000,11.15737,10.44155,
124.67000,10.70264,0.00046,2.10340,3.74995,5.53005,0.00000,0.00000,0.00000,0.00000,11.38386,10.70264,
125.11000,10.95023,0.00050,2.18976,3.95145,5.40522,0.00000,0.00000,0.00000,0.00000,11.54693,10.95023,
125.41000,11.17208,0.00054,2.25052,4.09418,5.31878,0.00000,0.00000,0.00000,0.00000,11.66402,11.17208,
125.94000,11.36977,0.00060,2.36175,4.35724,5.16367,0.00000,0.00000,0.00000,0.00000,11.88326,11.36977,
125.96000,11.55682,0.00060,2.36605,4.36744,5.15777,0.00000,0.00000,0.00000,0.00000,11.89186,11.55682,
126.31000,11.75309,0.00064,2.44243,4.54935,5.05375,0.00000,0.00000,0.00000,0.00000,12.04617,11.75309,
126.54000,11.97660,0.00068,2.49387,4.67236,4.98480,0.00000,0.00000,0.00000,0.00000,12.15171,11.97660,
126.69000,12.23542,0.00070,2.52796,4.75409,4.93960,0.00000,0.00000,0.00000,0.00000,12.22235,12.23542,
127.13000,12.52391,0.00076,2.63048,5.00082,4.80603,0.00000,0.00000,0.00000,0.00000,12.43810,12.52391,
127.75000,12.82573,0.00087,2.78156,5.36651,4.61570,0.00000,0.00000,0.00000,0.00000,12.76463,12.82573,
127.50000,13.12182,0.00082,2.71969,5.21648,4.69271,0.00000,0.00000,0.00000,0.00000,12.62971,13.12182,
128.33000,13.39995,0.00097,2.93017,5.72823,4.43591,0.00000,0.00000,0.00000,0.00000,13.09529,13.39995,
128.89000,13.66132,0.00109,3.08065,6.09591,4.26124,0.00000,0.00000,0.00000,0.00000,13.43890,13.66132,
129.26000,13.92106,0.00118,3.18399,6.34895,4.14550,0.00000,0.00000,0.00000,0.00000,13.67963,13.92106,
129.84000,14.20264,0.00132,3.35250,6.76202,3.96391,0.00000,0.00000,0.00000,0.00000,14.07975,14.20264,
130.23000,14.52837,0.00143,3.47043,7.05112,3.84193,0.00000,0.00000,0.00000,0.00000,14.36492,14.52837,
130.48000,14.91125,0.00151,3.54803,7.24127,3.76389,0.00000,0.00000,0.00000,0.00000,14.55470,14.91125,
130.66000,15.35297,0.00156,3.60491,7.38051,3.70779,0.00000,0.00000,0.00000,0.00000,14.69477,15.35297,
130.77000,15.84655,0.00160,3.64008,7.46656,3.67356,0.00000,0.00000,0.00000,0.00000,14.78179,15.84655,
131.51000,16.37924,0.00185,3.88508,8.06437,3.44451,0.00000,0.00000,0.00000,0.00000,15.39581,16.37924,
132.01000,16.93446,0.00205,4.05918,8.48675,3.29134,0.00000,0.00000,0.00000,0.00000,15.83932,16.93446,
132.01000,17.49312,0.00205,4.05918,8.48675,3.29134,0.00000,0.00000,0.00000,0.00000,15.83932,17.49312,
132.67000,18.03467,0.00234,4.30006,9.06658,3.09174,0.00000,0.00000,0.00000,0.00000,16.46072,18.03467,
132.78000,18.53913,0.00239,4.34147,9.16563,3.05881,0.00000,0.00000,0.00000,0.00000,16.56830,18.53913,
133.19000,18.99085,0.00259,4.49907,9.54071,2.93699,0.00000,0.00000,0.00000,0.00000,16.97936,18.99085,
133.79000,19.38357,0.00292,4.73926,10.10578,2.76164,0.00000,0.00000,0.00000,0.00000,17.60960,19.38357,
133.86000,19.72427,0.00296,4.76803,10.17291,2.74143,0.00000,0.00000,0.00000,0.00000,17.68533,19.72427,
134.24000,20.03214,0.00319,4.92709,10.54149,2.63267,0.00000,0.00000,0.00000,0.00000,18.10444,20.03214,
134.49000,20.33259,0.00335,5.03438,10.78768,2.56204,0.00000,0.00000,0.00000,0.00000,18.38746,20.33259,
135.00000,20.64910,0.00371,5.25995,11.29839,2.42038,0.00000,0.00000,0.00000,0.00000,18.98242,20.64910,
135.33000,20.99651,0.00396,5.41082,11.63440,2.33054,0.00000,0.00000,0.00000,0.00000,19.37971,20.99651,
135.55000,21.37896,0.00413,5.51359,11.86059,2.27148,0.00000,0.00000,0.00000,0.00000,19.64979,21.37896,
136.04000,21.79328,0.00455,5.74897,12.36993,2.14245,0.00000,0.00000,0.00000,0.00000,20.26589,21.79328,
136.69000,22.23474,0.00517,6.07540,13.05500,1.97689,0.00000,0.00000,0.00000,0.00000,21.11245,22.23474,
137.46000,22.70073,0.00600,6.48398,13.87480,1.78952,0.00000,0.00000,0.00000,0.00000,22.15430,22.70073,
138.31000,23.18891,0.00708,6.96399,14.78019,1.59430,0.00000,0.00000,0.00000,0.00000,23.34556,23.18891,
138.20000,23.69045,0.00693,6.90010,14.66344,1.61886,0.00000,0.00000,0.00000,0.00000,23.18933,23.69045,
138.14000,24.18503,0.00685,6.86548,14.59968,1.63234,0.00000,0.00000,0.00000,0.00000,23.10435,24.18503,
138.76000,24.64481,0.00773,7.23099,15.25521,1.49608,0.00000,0.00000,0.00000,0.00000,23.99000,24.64481,
139.17000,25.04773,0.00836,7.48230,15.68290,1.40975,0.00000,0.00000,0.00000,0.00000,24.58332,25.04773,
139.45000,25.39186,0.00883,7.65845,15.97118,1.35255,0.00000,0.00000,0.00000,0.00000,24.99101,25.39186,
139.97000,25.70118,0.00976,7.99556,16.49593,1.25012,0.00000,0.00000,0.00000,0.00000,25.75137,25.70118,
140.31000,26.01797,0.01042,8.22317,16.82984,1.18583,0.00000,0.00000,0.00000,0.00000,26.24927,26.01797,
140.87000,26.38592,0.01160,8.61080,17.36009,1.08460,0.00000,0.00000,0.00000,0.00000,27.06709,26.38592,
141.25000,26.83182,0.01247,8.88311,17.70328,1.01920,0.00000,0.00000,0.00000,0.00000,27.61806,26.83182,
141.83000,27.35488,0.01393,9.31365,18.19610,0.92448,0.00000,0.00000,0.00000,0.00000,28.44816,27.35488,
142.22000,27.93047,0.01500,9.61356,18.50321,0.86422,0.00000,0.00000,0.00000,0.00000,28.99599,27.93047,
142.48000,28.52413,0.01577,9.81825,18.69577,0.82558,0.00000,0.00000,0.00000,0.00000,29.35536,28.52413,
142.65000,29.10540,0.01628,9.95418,18.81601,0.80096,0.00000,0.00000,0.00000,0.00000,29.58743,29.10540,
143.10000,29.65559,0.01773,10.32211,19.11106,0.73826,0.00000,0.00000,0.00000,0.00000,30.18917,29.65559,
143.40000,30.16950,0.01877,10.57406,19.28764,0.69843,0.00000,0.00000,0.00000,0.00000,30.57890,30.16950,
143.60000,30.65130,0.01949,10.74504,19.39579,0.67274,0.00000,0.00000,0.00000,0.00000,30.83305,30.65130,
143.73000,31.10717,0.01998,10.85748,19.46179,0.65640,0.00000,0.00000,0.00000,0.00000,30.99565,31.10717,
143.82000,31.53882,0.02032,10.93593,19.50546,0.64526,0.00000,0.00000,0.00000,0.00000,31.10697,31.53882,
144.22000,31.94172,0.02191,11.29071,19.67859,0.59737,0.00000,0.00000,0.00000,0.00000,31.58858,31.94172,
144.48000,32.30720,0.02301,11.52671,19.77198,0.56766,0.00000,0.00000,0.00000,0.00000,31.88936,32.30720,
144.65000,32.62503,0.02376,11.68336,19.82450,0.54882,0.00000,0.00000,0.00000,0.00000,32.08044,32.62503,
145.43000,32.88714,0.02750,12.42630,19.97341,0.46824,0.00000,0.00000,0.00000,0.00000,32.89545,32.88714,
145.96000,33.09262,0.03037,12.95436,19.98252,0.41876,0.00000,0.00000,0.00000,0.00000,33.38602,33.09262,
145.97000,33.25034,0.03043,12.96451,19.98194,0.41787,0.00000,0.00000,0.00000,0.00000,33.39475,33.25034,
145.98000,33.37609,0.03049,12.97467,19.98133,0.41697,0.00000,0.00000,0.00000,0.00000,33.40346,33.37609,
146.32000,33.48741,0.03248,13.32408,19.94348,0.38748,0.00000,0.00000,0.00000,0.00000,33.68752,33.48741,
146.88000,33.59995,0.03606,13.91737,19.80679,0.34239,0.00000,0.00000,0.00000,0.00000,34.10261,33.59995,
147.59000,33.72405,0.04114,14.70221,19.49569,0.29116,0.00000,0.00000,0.00000,0.00000,34.53020,33.72405,
148.39000,33.86233,0.04770,15.63164,18.95566,0.24083,0.00000,0.00000,0.00000,0.00000,34.87583,33.86233,
148.59000,34.01146,0.04950,15.87165,18.78910,0.22940,0.00000,0.00000,0.00000,0.00000,34.93964,34.01146,
148.40000,34.16677,0.04779,15.64356,18.94763,0.24025,0.00000,0.00000,0.00000,0.00000,34.87923,34.16677,
148.93000,34.32340,0.05270,16.28683,18.47722,0.21095,0.00000,0.00000,0.00000,0.00000,35.02770,34.32340,
149.29000,34.47267,0.05631,16.73639,18.10806,0.19272,0.00000,0.00000,0.00000,0.00000,35.09349,34.47267,
149.52000,34.59972,0.05874,17.02903,17.85165,0.18176,0.00000,0.00000,0.00000,0.00000,35.12118,34.59972,
150.02000,34.68731,0.06438,17.68001,17.24063,0.15965,0.00000,0.00000,0.00000,0.00000,35.14468,34.68731,
150.34000,34.72357,0.06827,18.10741,16.81257,0.14669,0.00000,0.00000,0.00000,0.00000,35.13494,34.72357,
150.90000,34.70891,0.07563,18.87593,15.99864,0.12607,0.00000,0.00000,0.00000,0.00000,35.07627,34.70891,
151.26000,34.65837,0.08076,19.38399,15.43526,0.11412,0.00000,0.00000,0.00000,0.00000,35.01413,34.65837,
151.18000,34.59562,0.07959,19.27013,15.56299,0.11670,0.00000,0.00000,0.00000,0.00000,35.02941,34.59562,
151.78000,34.53930,0.08877,20.13752,14.57244,0.09853,0.00000,0.00000,0.00000,0.00000,34.89726,34.53930,
152.52000,34.49064,0.10153,21.25055,13.26186,0.07942,0.00000,0.00000,0.00000,0.00000,34.69336,34.49064,
153.35000,34.43309,0.11796,22.55686,11.71144,0.06179,0.00000,0.00000,0.00000,0.00000,34.44805,34.43309,
153.57000,34.34585,0.12274,22.91352,11.29204,0.05772,0.00000,0.00000,0.00000,0.00000,34.38601,34.34585,
153.71000,34.22087,0.12587,23.14278,11.02418,0.05524,0.00000,0.00000,0.00000,0.00000,34.34807,34.22087,
154.14000,34.07261,0.13599,23.85810,10.19975,0.04820,0.00000,0.00000,0.00000,0.00000,34.24204,34.07261,
154.76000,33.93609,0.15200,24.91939,9.01802,0.03941,0.00000,0.00000,0.00000,0.00000,34.12882,33.93609,
155.51000,33.85269,0.17383,26.25072,7.62683,0.03064,0.00000,0.00000,0.00000,0.00000,34.08202,33.85269,
155.00000,33.85039,0.15868,25.33974,8.56676,0.03640,0.00000,0.00000,0.00000,0.00000,34.10157,33.85039,
155.34000,33.93165,0.16863,25.94438,7.93680,0.03247,0.00000,0.00000,0.00000,0.00000,34.08227,33.93165,
155.56000,34.07483,0.17538,26.34134,7.53637,0.03012,0.00000,0.00000,0.00000,0.00000,34.08322,34.07483,
156.04000,34.24500,0.19106,27.22307,6.68690,0.02552,0.00000,0.00000,0.00000,0.00000,34.12654,34.24500,
156.36000,34.40708,0.20226,27.82281,6.14220,0.02280,0.00000,0.00000,0.00000,0.00000,34.19006,34.40708,
156.57000,34.53727,0.20995,28.22158,5.79540,0.02115,0.00000,0.00000,0.00000,0.00000,34.24807,34.53727,
157.05000,34.63182,0.22862,29.14844,5.03769,0.01777,0.00000,0.00000,0.00000,0.00000,34.43253,34.63182,
157.37000,34.70658,0.24195,29.77823,4.56180,0.01579,0.00000,0.00000,0.00000,0.00000,34.59778,34.70658,
157.58000,34.78568,0.25111,30.19668,4.26301,0.01460,0.00000,0.00000,0.00000,0.00000,34.72540,34.78568,
158.38000,34.89044,0.28919,31.82786,3.22843,0.01076,0.00000,0.00000,0.00000,0.00000,35.35624,34.89044,
158.92000,35.03707,0.31801,32.96178,2.62620,0.00870,0.00000,0.00000,0.00000,0.00000,35.91469,35.03707,
158.95000,35.23927,0.31969,33.02554,2.59504,0.00859,0.00000,0.00000,0.00000,0.00000,35.94887,35.23927,
159.30000,35.51066,0.33995,33.77536,2.24928,0.00746,0.00000,0.00000,0.00000,0.00000,36.37205,35.51066,
159.87000,35.86683,0.37565,35.01952,1.75504,0.00591,0.00000,0.00000,0.00000,0.00000,37.15611,35.86683,
159.91000,36.32525,0.37828,35.10788,1.72348,0.00581,0.00000,0.00000,0.00000,0.00000,37.21546,36.32525,
159.94000,36.89832,0.38027,35.17425,1.70008,0.00574,0.00000,0.00000,0.00000,0.00000,37.26034,36.89832,
160.29000,37.58086,0.40425,35.95418,1.44342,0.00495,0.00000,0.00000,0.00000,0.00000,37.80680,37.58086,
160.20000,38.34558,0.39795,35.75263,1.50657,0.00514,0.00000,0.00000,0.00000,0.00000,37.66229,38.34558,
160.80000,39.15371,0.44185,37.10902,1.12126,0.00398,0.00000,0.00000,0.00000,0.00000,38.67611,39.15371,
161.20000,39.96936,0.47369,38.02964,0.90862,0.00334,0.00000,0.00000,0.00000,0.00000,39.41529,39.96936,
161.80000,40.76710,0.52568,39.43416,0.64892,0.00256,0.00000,0.00000,0.00000,0.00000,40.61132,40.76710,
162.20000,41.53531,0.56338,40.38561,0.51086,0.00213,0.00000,0.00000,0.00000,0.00000,41.46199,41.53531,
162.80000,42.27694,0.62490,41.83424,0.34857,0.00161,0.00000,0.00000,0.00000,0.00000,42.80933,42.27694,
163.87000,43.00609,0.75121,44.47609,0.16356,0.00096,0.00000,0.00000,0.00000,0.00000,45.39182,43.00609,
164.24000,43.74210,0.80041,45.40524,0.12293,0.00080,0.00000,0.00000,0.00000,0.00000,46.32938,43.74210,
164.16000,44.50511,0.78951,45.20372,0.13090,0.00083,0.00000,0.00000,0.00000,0.00000,46.12497,44.50511,
164.78000,45.31292,0.87787,46.77388,0.07914,0.00061,0.00000,0.00000,0.00000,0.00000,47.73150,45.31292,
164.85000,46.17646,0.88843,46.95230,0.07459,0.00058,0.00000,0.00000,0.00000,0.00000,47.91591,46.17646,
165.57000,47.09575,1.00446,48.79922,0.03939,0.00040,0.00000,0.00000,0.00000,0.00000,49.84347,47.09575,
166.04000,48.06266,1.08800,50.01469,0.02519,0.00031,0.00000,0.00000,0.00000,0.00000,51.12819,48.06266,
166.03000,49.07050,1.08615,49.98876,0.02544,0.00031,0.00000,0.00000,0.00000,0.00000,51.10066,49.07050,
166.69000,50.12106,1.21473,51.70498,0.01302,0.00022,0.00000,0.00000,0.00000,0.00000,52.93295,50.12106,
166.79000,51.22170,1.23546,51.96574,0.01171,0.00021,0.00000,0.00000,0.00000,0.00000,53.21311,51.22170,
167.19000,52.37604,1.32186,53.00996,0.00757,0.00016,0.00000,0.00000,0.00000,0.00000,54.33955,52.37604,
167.13000,53.57705,1.30853,52.85323,0.00809,0.00017,0.00000,0.00000,0.00000,0.00000,54.17002,53.57705,
167.75000,54.80853,1.45273,54.47334,0.00397,0.00012,0.00000,0.00000,0.00000,0.00000,55.93015,54.80853,
168.17000,56.05550,1.55904,55.57014,0.00238,0.00009,0.00000,0.00000,0.00000,0.00000,57.13165,56.05550,
168.45000,57.31691,1.63407,56.30014,0.00167,0.00008,0.00000,0.00000,0.00000,0.00000,57.93595,57.31691,
168.96000,58.61049,1.77981,57.62551,0.00085,0.00006,0.00000,0.00000,0.00000,0.00000,59.40623,58.61049,
169.64000,59.96561,1.99386,59.37954,0.00032,0.00004,0.00000,0.00000,0.00000,0.00000,61.37376,59.96561,
169.76000,61.40613,2.03414,59.68700,0.00027,0.00004,0.00000,0.00000,0.00000,0.00000,61.72145,61.40613,
170.17000,62.93252,2.17779,60.73174,0.00014,0.00003,0.00000,0.00000,0.00000,0.00000,62.90970,62.93252,
170.78000,64.51525,2.40983,62.26641,0.00005,0.00002,0.00000,0.00000,0.00000,0.00000,64.67631,64.51525,
171.52000,66.10215,2.72354,64.08843,0.00001,0.00001,0.00000,0.00000,0.00000,0.00000,66.81200,66.10215,
172.01000,67.63274,2.95262,65.26559,0.00001,0.00001,0.00000,0.00000,0.00000,0.00000,68.21822,67.63274,
172.01000,69.05349,2.95262,65.26559,0.00001,0.00001,0.00000,0.00000,0.00000,0.00000,68.21822,69.05349,
172.34000,70.33310,3.11728,66.04307,0.00000,0.00001,0.00000,0.00000,0.00000,0.00000,69.16036,70.33310,
172.89000,71.47392,3.41160,67.30803,0.00000,0.00000,0.00000,0.00000,0.00000,0.00000,70.71964,71.47392,
173.26000,72.51090,3.62450,68.13502,0.00000,0.00000,0.00000,0.00000,0.00000,0.00000,71.75952,72.51090,
173.17000,73.49540,3.57156,67.93575,0.00000,0.00000,0.00000,0.00000,0.00000,0.00000,71.50732,73.49540,
173.45000,74.47021,3.73874,68.55155,0.00000,0.00000,0.00000,0.00000,0.00000,0.00000,72.29029,74.47021,
173.97000,75.44644,4.06946,69.66098,0.00000,0.00000,0.00000,0.00000,0.00000,0.00000,73.73044,75.44644,
174.31000,76.39652,4.30075,70.36044,0.00000,0.00000,0.00000,0.00000,0.00000,0.00000,74.66119,76.39652,
174.87000,77.27290,4.70953,71.46360,0.00000,0.00000,0.00000,0.00000,0.00000,0.00000,76.17313,77.27290,
175.25000,78.04250,5.00793,72.17482,0.00000,0.00000,0.00000,0.00000,0.00000,0.00000,77.18275,78.04250,
175.50000,78.71475,5.21407,72.62513,0.00000,0.00000,0.00000,0.00000,0.00000,0.00000,77.83920,78.71475,
176.00000,79.34464,5.65106,73.48129,0.00000,0.00000,0.00000,0.00000,0.00000,0.00000,79.13235,79.34464,
176.33000,80.00822,5.95850,74.01209,0.00000,0.00000,0.00000,0.00000,0.00000,0.00000,79.97058,80.00822,
177.22000,80.76646,6.86960,75.29637,0.00000,0.00000,0.00000,0.00000,0.00000,0.00000,82.16597,80.76646,
177.48000,81.63745,7.15999,75.62832,0.00000,0.00000,0.00000,0.00000,0.00000,0.00000,82.78831,81.63745,
177.99000,82.59122,7.76400,76.21875,0.00000,0.00000,0.00000,0.00000,0.00000,0.00000,83.98275,82.59122,
178.33000,83.57179,8.19336,76.56578,0.00000,0.00000,0.00000,0.00000,0.00000,0.00000,84.75914,83.57179,
178.55000,84.52951,8.48313,76.76971,0.00000,0.00000,0.00000,0.00000,0.00000,0.00000,85.25284,84.52951,
179.03000,85.43812,9.14958,77.15639,0.00000,0.00000,0.00000,0.00000,0.00000,0.00000,86.30597,85.43812,
179.02000,86.29255,9.13520,77.14916,0.00000,0.00000,0.00000,0.00000,0.00000,0.00000,86.28437,86.29255,
178.68000,87.09875,8.65892,76.88241,0.00000,0.00000,0.00000,0.00000,0.00000,0.00000,85.54133,87.09875,
179.12000,87.86302,9.27996,77.21977,0.00000,0.00000,0.00000,0.00000,0.00000,0.00000,86.49973,87.86302,
179.41000,88.58632,9.71217,77.40388,0.00000,0.00000,0.00000,0.00000,0.00000,0.00000,87.11605,88.58632,
179.61000,89.26509,10.02130,77.51266,0.00000,0.00000,0.00000,0.00000,0.00000,0.00000,87.53395,89.26509,
180.41000,89.89420,11.35348,77.79391,0.00000,0.00000,0.00000,0.00000,0.00000,0.00000,89.14739,89.89420,
181.27000,90.46743,12.97117,77.80887,0.00000,0.00000,0.00000,0.00000,0.00000,0.00000,90.78004,90.46743,
181.85000,90.97284,14.18191,77.64265,0.00000,0.00000,0.00000,0.00000,0.00000,0.00000,91.82456,90.97284,
182.23000,91.38796,15.03167,77.45423,0.00000,0.00000,0.00000,0.00000,0.00000,0.00000,92.48590,91.38796,
182.82000,91.68227,16.44567,77.03410,0.00000,0.00000,0.00000,0.00000,0.00000,0.00000,93.47977,91.68227,
182.88000,91.82810,16.59619,76.98257,0.00000,0.00000,0.00000,0.00000,0.00000,0.00000,93.57877,91.82810,
182.92000,91.81571,16.69726,76.94731,0.00000,0.00000,0.00000,0.00000,0.00000,0.00000,93.64457,91.81571,
182.95000,91.66639,16.77342,76.92039,0.00000,0.00000,0.00000,0.00000,0.00000,0.00000,93.69381,91.66639,
183.30000,91.43371,17.68620,76.57588,0.00000,0.00000,0.00000,0.00000,0.00000,0.00000,94.26208,91.43371,
184.20000,91.19061,20.24823,75.43063,0.00000,0.00000,0.00000,0.00000,0.00000,0.00000,95.67886,91.19061,
184.47000,91.01122,21.08086,75.01373,0.00000,0.00000,0.00000,0.00000,0.00000,0.00000,96.09459,91.01122,
185.31000,90.95302,23.87509,73.49994,0.00000,0.00000,0.00000,0.00000,0.00000,0.00000,97.37502,90.95302,
185.54000,91.04129,24.69666,73.02848,0.00000,0.00000,0.00000,0.00000,0.00000,0.00000,97.72514,91.04129,
186.03000,91.26190,26.53252,71.94320,0.00000,0.00000,0.00000,0.00000,0.00000,0.00000,98.47572,91.26190,
187.02000,91.57240,30.61799,69.42117,0.00000,0.00000,0.00000,0.00000,0.00000,0.00000,100.03916,91.57240,
186.35000,91.92851,27.79655,71.17566,0.00000,0.00000,0.00000,0.00000,0.00000,0.00000,98.97221,91.92851,
186.90000,92.30691,30.09478,69.74987,0.00000,0.00000,0.00000,0.00000,0.00000,0.00000,99.84464,92.30691,
186.93000,92.71162,30.22483,69.66828,0.00000,0.00000,0.00000,0.00000,0.00000,0.00000,99.89311,92.71162,
187.62000,93.16968,33.35568,67.68542,0.00000,0.00000,0.00000,0.00000,0.00000,0.00000,101.04110,93.16968,
187.75000,93.71966,33.97623,67.28948,0.00000,0.00000,0.00000,0.00000,0.00000,0.00000,101.26571,93.71966,
187.50000,94.39196,32.79164,68.04470,0.00000,0.00000,0.00000,0.00000,0.00000,0.00000,100.83634,94.39196,
188.00000,95.19218,35.19774,66.50869,0.00000,0.00000,0.00000,0.00000,0.00000,0.00000,101.70644,95.19218,
188.33000,96.10155,36.86796,65.43987,0.00000,0.00000,0.00000,0.00000,0.00000,0.00000,102.30782,96.10155,
188.56000,97.09570,38.07175,64.66992,0.00000,0.00000,0.00000,0.00000,0.00000,0.00000,102.74167,97.09570,
189.37000,98.16401,42.57931,61.80322,0.00000,0.00000,0.00000,0.00000,0.00000,0.00000,104.38253,98.16401,
189.91000,99.31355,45.82409,59.76719,0.00000,0.00000,0.00000,0.00000,0.00000,0.00000,105.59128,99.31355,
189.94000,100.56131,46.01012,59.65135,0.00000,0.00000,0.00000,0.00000,0.00000,0.00000,105.66148,100.56131,
190.29000,101.92387,48.22599,58.27996,0.00000,0.00000,0.00000,0.00000,0.00000,0.00000,106.50594,101.92387,
190.86000,103.40507,52.01621,55.97272,0.00000,0.00000,0.00000,0.00000,0.00000,0.00000,107.98894,103.40507,
191.24000,104.99013,54.66963,54.38873,0.00000,0.00000,0.00000,0.00000,0.00000,0.00000,109.05836,104.99013,
191.49000,106.65420,56.47096,53.32873,0.00000,0.00000,0.00000,0.00000,0.00000,0.00000,109.79969,106.65420,
191.66000,108.37811,57.72116,52.60048,0.00000,0.00000,0.00000,0.00000,0.00000,0.00000,110.32164,108.37811,
192.44000,110.16089,63.71945,49.19243,0.00000,0.00000,0.00000,0.00000,0.00000,0.00000,112.91188,110.16089,
192.96000,112.02181,67.95491,46.87192,0.00000,0.00000,0.00000,0.00000,0.00000,0.00000,114.82682,112.02181,
192.97000,113.98889,68.03818,46.82700,0.00000,0.00000,0.00000,0.00000,0.00000,0.00000,114.86518,113.98889,
193.32000,116.08064,70.99545,45.24940,0.00000,0.00000,0.00000,0.00000,0.00000,0.00000,116.24485,116.08064,
193.88000,118.29089,75.89521,42.70918,0.00000,0.00000,0.00000,0.00000,0.00000,0.00000,118.60439,118.29089,
194.58000,120.58631,82.29381,39.52492,0.00000,0.00000,0.00000,0.00000,0.00000,0.00000,121.81873,120.58631,
194.39000,122.92200,80.52848,40.38883,0.00000,0.00000,0.00000,0.00000,0.00000,0.00000,120.91732,122.92200,
194.26000,125.26550,79.33263,40.98031,0.00000,0.00000,0.00000,0.00000,0.00000,0.00000,120.31293,125.26550,
194.84000,127.61495,84.74198,38.34469,0.00000,0.00000,0.00000,0.00000,0.00000,0.00000,123.08668,127.61495,
195.89000,130.00398,94.96368,33.62841,0.00000,0.00000,0.00000,0.00000,0.00000,0.00000,128.59208,130.00398,
196.26000,132.48705,98.66919,31.99687,0.00000,0.00000,0.00000,0.00000,0.00000,0.00000,130.66606,132.48705,
196.17000,135.10676,97.76395,32.39185,0.00000,0.00000,0.00000,0.00000,0.00000,0.00000,130.15581,135.10676,
196.45000,137.86120,100.58739,31.16733,0.00000,0.00000,0.00000,0.00000,0.00000,0.00000,131.75472,137.86120,
196.30000,140.69198,99.07225,31.82173,0.00000,0.00000,0.00000,0.00000,0.00000,0.00000,130.89398,140.69198,
197.20000,143.49897,108.22428,27.95854,0.00000,0.00000,0.00000,0.00000,0.00000,0.00000,136.18282,143.49897,
197.47000,146.16932,110.98399,26.83278,0.00000,0.00000,0.00000,0.00000,0.00000,0.00000,137.81677,146.16932,
198.31000,148.60495,119.51520,23.44797,0.00000,0.00000,0.00000,0.00000,0.00000,0.00000,142.96316,148.60495,
198.87000,150.74132,125.07785,21.30244,0.00000,0.00000,0.00000,0.00000,0.00000,0.00000,146.38030,150.74132,
198.92000,152.55211,125.56673,21.11557,0.00000,0.00000,0.00000,0.00000,0.00000,0.00000,146.68230,152.55211,
198.94000,154.04103,125.76186,21.04104,0.00000,0.00000,0.00000,0.00000,0.00000,0.00000,146.80290,154.04103,
199.30000,155.22905,129.22867,19.72168,0.00000,0.00000,0.00000,0.00000,0.00000,0.00000,148.95035,155.22905,
199.86000,156.14327,134.41211,17.75582,0.00000,0.00000,0.00000,0.00000,0.00000,0.00000,152.16793,156.14327,
199.91000,156.81219,134.86011,17.58559,0.00000,0.00000,0.00000,0.00000,0.00000,0.00000,152.44570,156.81219,
199.94000,157.26848,135.12761,17.48388,0.00000,0.00000,0.00000,0.00000,0.00000,0.00000,152.61149,157.26848,
200.29000,157.55337,138.17171,16.32107,0.00000,0.00000,0.00000,0.00000,0.00000,0.00000,154.49278,157.55337,
200.53000,157.71816,140.16947,15.54946,0.00000,0.00000,0.00000,0.00000,0.00000,0.00000,155.71894,157.71816,
201.35000,157.81603,146.33112,13.07541,0.00000,0.00000,0.00000,0.00000,0.00000,0.00000,159.40654,157.81603,
201.57000,157.88009,147.78126,12.45509,0.00000,0.00000,0.00000,0.00000,0.00000,0.00000,160.23634,157.88009,
202.71000,157.90125,153.58578,9.53840,0.00000,0.00000,0.00000,0.00000,0.00000,0.00000,163.12419,157.90125,
203.14000,157.81967,154.91143,8.56726,0.00000,0.00000,0.00000,0.00000,0.00000,0.00000,163.47869,157.81967,
203.09000,157.53273,154.78438,8.67660,0.00000,0.00000,0.00000,0.00000,0.00000,0.00000,163.46097,157.53273,
203.06000,156.92329,154.70465,8.74265,0.00000,0.00000,0.00000,0.00000,0.00000,0.00000,163.44729,156.92329,
204.04000,155.89988,155.87771,6.75749,0.00000,0.00000,0.00000,0.00000,0.00000,0.00000,162.63520,155.89988,
205.03000,154.42345,153.77061,5.09919,0.00000,0.00000,0.00000,0.00000,0.00000,0.00000,158.86980,154.42345,
205.35000,152.50561,152.32285,4.63327,0.00000,0.00000,0.00000,0.00000,0.00000,0.00000,156.95612,152.50561,
205.57000,150.18644,151.10314,4.33181,0.00000,0.00000,0.00000,0.00000,0.00000,0.00000,155.43494,150.18644,
206.05000,147.51091,147.80167,3.72529,0.00000,0.00000,0.00000,0.00000,0.00000,0.00000,151.52696,147.51091,
206.03000,144.51768,147.95679,3.74920,0.00000,0.00000,0.00000,0.00000,0.00000,0.00000,151.70599,144.51768,
206.69000,141.23815,142.03867,3.01969,0.00000,0.00000,0.00000,0.00000,0.00000,0.00000,145.05837,141.23815,
207.12000,137.69808,137.31462,2.60700,0.00000,0.00000,0.00000,0.00000,0.00000,0.00000,139.92162,137.69808,
207.42000,133.92048,133.63073,2.34622,0.00000,0.00000,0.00000,0.00000,0.00000,0.00000,135.97695,133.92048,
208.28000,129.92478,121.45168,1.71120,0.00000,0.00000,0.00000,0.00000,0.00000,0.00000,123.16288,129.92478,
208.52000,125.71935,117.67008,1.56119,0.00000,0.00000,0.00000,0.00000,0.00000,0.00000,119.23127,125.71935,
208.68000,121.29881,115.06809,1.46723,0.00000,0.00000,0.00000,0.00000,0.00000,0.00000,116.53532,121.29881,
209.45000,116.65589,101.78831,1.07705,0.00000,0.00000,0.00000,0.00000,0.00000,0.00000,102.86536,116.65589,
208.97000,111.79873,110.20230,1.30864,0.00000,0.00000,0.00000,0.00000,0.00000,0.00000,111.51094,111.79873,
209.65000,106.76184,98.17609,0.99108,0.00000,0.00000,0.00000,0.00000,0.00000,0.00000,99.16717,106.76184,
210.10000,101.60489,89.88993,0.81824,0.00000,0.00000,0.00000,0.00000,0.00000,0.00000,90.70817,101.60489,
210.73000,96.39950,78.11532,0.61906,0.00000,0.00000,0.00000,0.00000,0.00000,0.00000,78.73437,96.39950,
210.49000,91.21123,82.60686,0.68950,0.00000,0.00000,0.00000,0.00000,0.00000,0.00000,83.29636,91.21123,
210.33000,86.08539,85.60053,0.74009,0.00000,0.00000,0.00000,0.00000,0.00000,0.00000,86.34062,86.08539,
210.55000,81.04235,81.48355,0.67129,0.00000,0.00000,0.00000,0.00000,0.00000,0.00000,82.15483,81.04235,
211.37000,76.08552,66.26609,0.46019,0.00000,0.00000,0.00000,0.00000,0.00000,0.00000,66.72629,65.16566,
211.91000,71.21558,56.61506,0.35451,0.00000,0.00000,0.00000,0.00000,0.00000,0.00000,56.96957,55.48734,
212.61000,66.44150,44.91055,0.24900,0.00000,0.00000,0.00000,0.00000,0.00000,0.00000,45.15954,43.79298,
213.07000,61.78468,37.87150,0.19552,0.00000,0.00000,0.00000,0.00000,0.00000,0.00000,38.06702,36.78839,
213.38000,57.27518,33.46789,0.16540,0.00000,0.00000,0.00000,0.00000,0.00000,0.00000,33.63329,32.41961,
214.25000,52.94293,22.72083,0.10141,0.00000,0.00000,0.00000,0.00000,0.00000,0.00000,22.82223,21.81229,
214.50000,48.80970,20.09053,0.08763,0.00000,0.00000,0.00000,0.00000,0.00000,0.00000,20.17815,19.23111,
215.00000,44.88596,15.44511,0.06494,0.00000,0.00000,0.00000,0.00000,0.00000,0.00000,15.51005,14.69149,
214.67000,41.17247,18.41963,0.07923,0.00000,0.00000,0.00000,0.00000,0.00000,0.00000,18.49886,17.59524,
215.11000,37.66534,14.53127,0.06071,0.00000,0.00000,0.00000,0.00000,0.00000,0.00000,14.59198,13.80183,
215.41000,34.36096,12.23105,0.05040,0.00000,0.00000,0.00000,0.00000,0.00000,0.00000,12.28144,11.56830,
215.94000,31.25765,8.82155,0.03594,0.00000,0.00000,0.00000,0.00000,0.00000,0.00000,8.85749,8.27629,
215.96000,28.35497,8.70839,0.03547,0.00000,0.00000,0.00000,0.00000,0.00000,0.00000,8.74386,8.16749,
216.97000,25.65279,4.27807,0.01798,0.00000,0.00000,0.00000,0.00000,0.00000,0.00000,4.29605,3.94037,
216.98000,23.15023,4.24551,0.01785,0.00000,0.00000,0.00000,0.00000,0.00000,0.00000,4.26336,3.90960,
217.32000,20.84565,3.24985,0.01405,0.00000,0.00000,0.00000,0.00000,0.00000,0.00000,3.26390,2.97195,
217.55000,18.73747,2.68957,0.01191,0.00000,0.00000,0.00000,0.00000,0.00000,0.00000,2.70148,2.44736,
218.03000,16.82537,1.77090,0.00837,0.00000,0.00000,0.00000,0.00000,0.00000,0.00000,1.77927,1.59359,
218.35000,15.11060,1.31631,0.00658,0.00000,0.00000,0.00000,0.00000,0.00000,0.00000,1.32289,1.17507,
218.24000,13.59461,1.46008,0.00715,0.00000,0.00000,0.00000,0.00000,0.00000,0.00000,1.46723,1.30707,
218.82000,12.27720,0.82815,0.00457,0.00000,0.00000,0.00000,0.00000,0.00000,0.00000,0.83272,0.72997,
219.55000,11.15532,0.37600,0.00254,0.00000,0.00000,0.00000,0.00000,0.00000,0.00000,0.37855,0.32421,
220.03000,10.22105,0.21285,0.00170,0.00000,0.00000,0.00000,0.00000,0.00000,0.00000,0.21455,0.18058,
220.02000,9.45877,0.21548,0.00171,0.00000,0.00000,0.00000,0.00000,0.00000,0.00000,0.21720,0.18288,
220.68000,8.84462,0.09200,0.00097,0.00000,0.00000,0.00000,0.00000,0.00000,0.00000,0.09296,0.07617,
221.12000,8.34898,0.04971,0.00065,0.00000,0.00000,0.00000,0.00000,0.00000,0.00000,0.05036,0.04042,
221.41000,7.94111,0.03240,0.00050,0.00000,0.00000,0.00000,0.00000,0.00000,0.00000,0.03289,0.02601,
221.94000,7.59415,0.01411,0.00030,0.00000,0.00000,0.00000,0.00000,0.00000,0.00000,0.01442,0.01105,
222.30000,7.28924,0.00773,0.00021,0.00000,0.00000,0.00000,0.00000,0.00000,0.00000,0.00794,0.00594,
222.53000,7.01856,0.00517,0.00017,0.00000,0.00000,0.00000,0.00000,0.00000,0.00000,0.00534,0.00393,
222.69000,6.78547,0.00388,0.00014,0.00000,0.00000,0.00000,0.00000,0.00000,0.00000,0.00403,0.00292,
223.12000,6.59946,0.00174,0.00009,0.00000,0.00000,0.00000,0.00000,0.00000,0.00000,0.00183,0.00127,
223.08000,6.46755,0.00187,0.00010,0.00000,0.00000,0.00000,0.00000,0.00000,0.00000,0.00197,0.00138,
223.72000,6.38651,0.00052,0.00005,0.00000,0.00000,0.00000,0.00000,0.00000,0.00000,0.00057,0.00037,
224.48000,6.33977,0.00010,0.00002,0.00000,0.00000,0.00000,0.00000,0.00000,0.00000,0.00012,0.00006,
224.99000,6.30149,0.00003,0.00001,0.00000,0.00000,0.00000,0.00000,0.00000,0.00000,0.00004,0.00002,
224.99000,6.24632,0.00003,0.00001,0.00000,0.00000,0.00000,0.00000,0.00000,0.00000,0.00004,0.00002,
225.66000,6.16087,0.00000,0.00001,0.00000,0.00000,0.00000,0.00000,0.00000,0.00000,0.00001,0.00000,
226.11000,6.05068,0.00000,0.00000,0.00000,0.00000,0.00000,0.00000,0.00000,0.00000,0.00000,0.00000,
226.07000,5.93641,0.00000,0.00000,0.00000,0.00000,0.00000,0.00000,0.00000,0.00000,0.00000,0.00000,
226.71000,5.84064,0.00000,0.00000,0.00000,0.00000,0.00000,0.00000,0.00000,0.00000,0.00000,0.00000,
226.81000,5.77528,0.00000,0.00000,0.00000,0.00000,0.00000,0.00000,0.00000,0.00000,0.00000,0.00000,
226.87000,5.73764,0.00000,0.00000,0.00000,0.00000,0.00000,0.00000,0.00000,0.00000,0.00000,0.00000,
227.25000,5.71587,0.00000,0.00000,0.00000,0.00000,0.00000,0.00000,0.00000,0.00000,0.00000,0.00000,
227.83000,5.69873,0.00000,0.00000,0.00000,0.00000,0.00000,0.00000,0.00000,0.00000,0.00000,0.00000,
228.55000,5.68264,0.00000,0.00000,0.00000,0.00000,0.00000,0.00000,0.00000,0.00000,0.00000,0.00000,
229.04000,5.67214,0.00000,0.00000,0.00000,0.00000,0.00000,0.00000,0.00000,0.00000,0.00000,0.00000,
229.02000,5.67477,0.00000,0.00000,0.00000,0.00000,0.00000,0.00000,0.00000,0.00000,0.00000,0.00000,
229.68000,5.69505,0.00000,0.00000,0.00000,0.00000,0.00000,0.00000,0.00000,0.00000,0.00000,0.00000,
229.46000,5.73314,0.00000,0.00000,0.00000,0.00000,0.00000,0.00000,0.00000,0.00000,0.00000,0.00000,
229.97000,5.78764,0.00000,0.00000,0.00000,0.00000,0.00000,0.00000,0.00000,0.00000,0.00000,0.00000,
230.65000,5.85691,0.00000,0.00000,0.00000,0.00000,0.00000,0.00000,0.00000,0.00000,0.00000,0.00000,
230.76000,5.93714,0.00000,0.00000,0.00000,0.00000,0.00000,0.00000,0.00000,0.00000,0.00000,0.00000,
231.51000,6.01913,0.00000,0.00000,0.00000,0.00000,0.00000,0.00000,0.00000,0.00000,0.00000,0.00000,
232.01000,6.08767,0.00000,0.00000,0.00000,0.00000,0.00000,0.00000,0.00000,0.00000,0.00000,0.00000,
232.34000,6.12627,0.00000,0.00000,0.00000,0.00000,0.00000,0.00000,0.00000,0.00000,0.00000,0.00000,
232.56000,6.12559,0.00000,0.00000,0.00000,0.00000,0.00000,0.00000,0.00000,0.00000,0.00000,0.00000,
233.04000,6.09009,0.00000,0.00000,0.00000,0.00000,0.00000,0.00000,0.00000,0.00000,0.00000,0.00000,
233.03000,6.03722,0.00000,0.00000,0.00000,0.00000,0.00000,0.00000,0.00000,0.00000,0.00000,0.00000,
233.68000,5.98896,0.00000,0.00000,0.00000,0.00000,0.00000,0.00000,0.00000,0.00000,0.00000,0.00000,
233.79000,5.96233,0.00000,0.00000,0.00000,0.00000,0.00000,0.00000,0.00000,0.00000,0.00000,0.00000,
234.19000,5.96528,0.00000,0.00000,0.00000,0.00000,0.00000,0.00000,0.00000,0.00000,0.00000,0.00000,
234.46000,5.99778,0.00000,0.00000,0.00000,0.00000,0.00000,0.00000,0.00000,0.00000,0.00000,0.00000,
234.97000,6.05578,0.00000,0.00000,0.00000,0.00000,0.00000,0.00000,0.00000,0.00000,0.00000,0.00000,
235.32000,6.13469,0.00000,0.00000,0.00000,0.00000,0.00000,0.00000,0.00000,0.00000,0.00000,0.00000,
235.54000,6.22950,0.00000,0.00000,0.00000,0.00000,0.00000,0.00000,0.00000,0.00000,0.00000,0.00000,
235.70000,6.33332,0.00000,0.00000,0.00000,0.00000,0.00000,0.00000,0.00000,0.00000,0.00000,0.00000,
236.46000,6.43719,0.00000,0.00000,0.00000,0.00000,0.00000,0.00000,0.00000,0.00000,0.00000,0.00000,
236.64000,6.53200,0.00000,0.00000,0.00000,0.00000,0.00000,0.00000,0.00000,0.00000,0.00000,0.00000,
236.76000,6.61121,0.00000,0.00000,0.00000,0.00000,0.00000,0.00000,0.00000,0.00000,0.00000,0.00000,
237.17000,6.67191,0.00000,0.00000,0.00000,0.00000,0.00000,0.00000,0.00000,0.00000,0.00000,0.00000,
237.78000,6.71345,0.00000,0.00000,0.00000,0.00000,0.00000,0.00000,0.00000,0.00000,0.00000,0.00000,
238.19000,6.73607,0.00000,0.00000,0.00000,0.00000,0.00000,0.00000,0.00000,0.00000,0.00000,0.00000,
238.79000,6.74009,0.00000,0.00000,0.00000,0.00000,0.00000,0.00000,0.00000,0.00000,0.00000,0.00000,
238.86000,6.72637,0.00000,0.00000,0.00000,0.00000,0.00000,0.00000,0.00000,0.00000,0.00000,0.00000,
239.24000,6.69877,0.00000,0.00000,0.00000,0.00000,0.00000,0.00000,0.00000,0.00000,0.00000,0.00000,
239.49000,6.66531,0.00000,0.00000,0.00000,0.00000,0.00000,0.00000,0.00000,0.00000,0.00000,0.00000,
240.00000,6.63651,0.00000,0.00000,0.00000,0.00000,0.00000,0.00000,0.00000,0.00000,0.00000,0.00000,
240.33000,6.62365,0.00000,0.00000,0.00000,0.00000,0.00000,0.00000,0.00000,0.00000,0.00000,0.00000,
240.55000,6.63837,0.00000,0.00000,0.00000,0.00000,0.00000,0.00000,0.00000,0.00000,0.00000,0.00000,
241.04000,6.69115,0.00000,0.00000,0.00000,0.00000,0.00000,0.00000,0.00000,0.00000,0.00000,0.00000,
241.36000,6.78769,0.00000,0.00000,0.00000,0.00000,0.00000,0.00000,0.00000,0.00000,0.00000,0.00000,
241.90000,6.92491,0.00000,0.00000,0.00000,0.00000,0.00000,0.00000,0.00000,0.00000,0.00000,0.00000,
242.60000,7.08905,0.00000,0.00000,0.00000,0.00000,0.00000,0.00000,0.00000,0.00000,0.00000,0.00000,
243.07000,7.25818,0.00000,0.00000,0.00000,0.00000,0.00000,0.00000,0.00000,0.00000,0.00000,0.00000,
243.05000,7.40854,0.00000,0.00000,0.00000,0.00000,0.00000,0.00000,0.00000,0.00000,0.00000,0.00000,
243.36000,7.52295,0.00000,0.00000,0.00000,0.00000,0.00000,0.00000,0.00000,0.00000,0.00000,0.00000,
243.58000,7.59804,0.00000,0.00000,0.00000,0.00000,0.00000,0.00000,0.00000,0.00000,0.00000,0.00000,
243.72000,7.64436,0.00000,0.00000,0.00000,0.00000,0.00000,0.00000,0.00000,0.00000,0.00000,0.00000,
243.81000,7.67832,0.00000,0.00000,0.00000,0.00000,0.00000,0.00000,0.00000,0.00000,0.00000,0.00000,
244.54000,7.71163,0.00000,0.00000,0.00000,0.00000,0.00000,0.00000,0.00000,0.00000,0.00000,0.00000,
244.36000,7.74436,0.00000,0.00000,0.00000,0.00000,0.00000,0.00000,0.00000,0.00000,0.00000,0.00000,
245.24000,7.76582,0.00000,0.00000,0.00000,0.00000,0.00000,0.00000,0.00000,0.00000,0.00000,0.00000,
245.83000,7.76345,0.00000,0.00000,0.00000,0.00000,0.00000,0.00000,0.00000,0.00000,0.00000,0.00000,
246.88000,7.73295,0.00000,0.00000,0.00000,0.00000,0.00000,0.00000,0.00000,0.00000,0.00000,0.00000,
247.59000,7.68405,0.00000,0.00000,0.00000,0.00000,0.00000,0.00000,0.00000,0.00000,0.00000,0.00000,
248.73000,7.63938,0.00000,0.00000,0.00000,0.00000,0.00000,0.00000,0.00000,0.00000,0.00000,0.00000,
248.82000,7.62578,0.00000,0.00000,0.00000,0.00000,0.00000,0.00000,0.00000,0.00000,0.00000,0.00000,
249.21000,7.66396,0.00000,0.00000,0.00000,0.00000,0.00000,0.00000,0.00000,0.00000,0.00000,0.00000,
249.47000,7.76229,0.00000,0.00000,0.00000,0.00000,0.00000,0.00000,0.00000,0.00000,0.00000,0.00000,
250.32000,7.91620,0.00000,0.00000,0.00000,0.00000,0.00000,0.00000,0.00000,0.00000,0.00000,0.00000,
249.88000,8.11259,0.00000,0.00000,0.00000,0.00000,0.00000,0.00000,0.00000,0.00000,0.00000,0.00000,
249.92000,8.33491,0.00000,0.00000,0.00000,0.00000,0.00000,0.00000,0.00000,0.00000,0.00000,0.00000,
249.95000,8.56505,0.00000,0.00000,0.00000,0.00000,0.00000,0.00000,0.00000,0.00000,0.00000,0.00000,
249.63000,8.78439,0.00000,0.00000,0.00000,0.00000,0.00000,0.00000,0.00000,0.00000,0.00000,0.00000,
249.42000,8.97489,0.00000,0.00000,0.00000,0.00000,0.00000,0.00000,0.00000,0.00000,0.00000,0.00000,
249.95000,9.12023,0.00000,0.00000,0.00000,0.00000,0.00000,0.00000,0.00000,0.00000,0.00000,0.00000,
249.96000,9.20902,0.00000,0.00000,0.00000,0.00000,0.00000,0.00000,0.00000,0.00000,0.00000,0.00000,
249.31000,9.23880,0.00000,0.00000,0.00000,0.00000,0.00000,0.00000,0.00000,0.00000,0.00000,0.00000,
249.54000,9.21837,0.00000,0.00000,0.00000,0.00000,0.00000,0.00000,0.00000,0.00000,0.00000,0.00000,
250.03000,9.16736,0.00000,0.00000,0.00000,0.00000,0.00000,0.00000,0.00000,0.00000,0.00000,0.00000,
250.02000,9.11076,0.00000,0.00000,0.00000,0.00000,0.00000,0.00000,0.00000,0.00000,0.00000,0.00000,
250.01000,9.07092,0.00000,0.00000,0.00000,0.00000,0.00000,0.00000,0.00000,0.00000,0.00000,0.00000,
