temp,count_original,count_0,count_1,count_2,count_3,count_4,count_5,count_6,count_7,
87.42000,1.02236,0.00003,0.85051,0.16792,0.00000,0.00000,0.00000,1.01846,1.02236,
87.95000,1.04941,0.00003,0.87491,0.18235,0.00000,0.00000,0.00000,1.05729,1.04941,
87.63000,1.08191,0.00003,0.86010,0.17351,0.00000,0.00000,0.00000,1.03364,1.08191,
87.76000,1.11509,0.00003,0.86609,0.17705,0.00000,0.00000,0.00000,1.04317,1.11509,
87.84000,1.14045,0.00003,0.86979,0.17926,0.00000,0.00000,0.00000,1.04909,1.14045,
87.89000,1.15000,0.00003,0.87211,0.18066,0.00000,0.00000,0.00000,1.05281,1.15000,
88.59000,1.14045,0.00003,0.90516,0.20134,0.00000,0.00000,0.00000,1.10653,1.14045,
89.06000,1.11545,0.00004,0.92795,0.21645,0.00000,0.00000,0.00000,1.14443,1.11545,
89.04000,1.08455,0.00004,0.92697,0.21579,0.00000,0.00000,0.00000,1.14279,1.08455,
88.69000,1.05955,0.00003,0.90997,0.20447,0.00000,0.00000,0.00000,1.11447,1.05955,
88.80000,1.05036,0.00004,0.91528,0.20796,0.00000,0.00000,0.00000,1.12328,1.05036,
88.86000,1.06255,0.00004,0.91819,0.20989,0.00000,0.00000,0.00000,1.12812,1.06255,
89.24000,1.09696,0.00004,0.93680,0.22252,0.00000,0.00000,0.00000,1.15935,1.09696,
89.50000,1.15023,0.00004,0.94971,0.23156,0.00000,0.00000,0.00000,1.18131,1.15023,
89.00000,1.21559,0.00004,0.92501,0.21446,0.00000,0.00000,0.00000,1.13951,1.21559,
89.33000,1.28432,0.00004,0.94125,0.22561,0.00000,0.00000,0.00000,1.16690,1.28432,
89.55000,1.34722,0.00004,0.95222,0.23334,0.00000,0.00000,0.00000,1.18559,1.34722,
89.70000,1.39599,0.00004,0.95975,0.23875,0.00000,0.00000,0.00000,1.19854,1.39599,
89.80000,1.42477,0.00004,0.96480,0.24242,0.00000,0.00000,0.00000,1.20727,1.42477,
90.20000,1.43191,0.00004,0.98524,0.25765,0.00000,0.00000,0.00000,1.24293,1.43191,
90.47000,1.42062,0.00005,0.99924,0.26843,0.00000,0.00000,0.00000,1.26772,1.42062,
90.64000,1.39700,0.00005,1.00814,0.27543,0.00000,0.00000,0.00000,1.28362,1.39700,
90.76000,1.36660,0.00005,1.01446,0.28048,0.00000,0.00000,0.00000,1.29499,1.36660,
90.84000,1.33332,0.00005,1.01869,0.28389,0.00000,0.00000,0.00000,1.30263,1.33332,
91.23000,1.30009,0.00005,1.03955,0.30108,0.00000,0.00000,0.00000,1.34068,1.30009,
91.15000,1.26969,0.00005,1.03524,0.29748,0.00000,0.00000,0.00000,1.33277,1.26969,
91.10000,1.24564,0.00005,1.03256,0.29524,0.00000,0.00000,0.00000,1.32785,1.24564,
91.07000,1.23214,0.00005,1.03095,0.29391,0.00000,0.00000,0.00000,1.32491,1.23214,
91.05000,1.23214,0.00005,1.02988,0.29303,0.00000,0.00000,0.00000,1.32296,1.23214,
91.70000,1.24528,0.00006,1.06515,0.32308,0.00000,0.00000,0.00000,1.38829,1.24528,
92.13000,1.26705,0.00006,1.08904,0.34450,0.00000,0.00000,0.00000,1.43360,1.26705,
92.09000,1.29031,0.00006,1.08680,0.34245,0.00000,0.00000,0.00000,1.42931,1.29031,
92.39000,1.30832,0.00006,1.10370,0.35808,0.00000,0.00000,0.00000,1.46185,1.30832,
92.26000,1.31719,0.00006,1.09635,0.35123,0.00000,0.00000,0.00000,1.44764,1.31719,
93.17000,1.31773,0.00007,1.14868,0.40184,0.00000,0.00000,0.00000,1.55059,1.31773,
92.45000,1.31568,0.00006,1.10711,0.36128,0.00000,0.00000,0.00000,1.46846,1.31568,
91.97000,1.31910,0.00006,1.08010,0.33638,0.00000,0.00000,0.00000,1.41654,1.31910,
90.64000,1.33469,0.00005,1.00814,0.27543,0.00000,0.00000,0.00000,1.28362,1.33469,
92.10000,1.36509,0.00006,1.08736,0.34296,0.00000,0.00000,0.00000,1.43038,1.36509,
92.73000,1.40714,0.00007,1.12313,0.37659,0.00000,0.00000,0.00000,1.49978,1.40714,
92.82000,1.45278,0.00007,1.12831,0.38163,0.00000,0.00000,0.00000,1.51001,1.45278,
92.88000,1.49309,0.00007,1.13178,0.38503,0.00000,0.00000,0.00000,1.51688,1.49309,
92.92000,1.52245,0.00007,1.13410,0.38731,0.00000,0.00000,0.00000,1.52148,1.52245,
93.28000,1.53986,0.00007,1.15514,0.40839,0.00000,0.00000,0.00000,1.56361,1.53986,
93.52000,1.54764,0.00007,1.16935,0.42302,0.00000,0.00000,0.00000,1.59245,1.54764,
93.68000,1.54964,0.00008,1.17891,0.43304,0.00000,0.00000,0.00000,1.61202,1.54964,
93.79000,1.55009,0.00008,1.18551,0.44006,0.00000,0.00000,0.00000,1.62564,1.55009,
94.19000,1.55264,0.00008,1.20979,0.46644,0.00000,0.00000,0.00000,1.67631,1.55264,
94.46000,1.56005,0.00009,1.22641,0.48505,0.00000,0.00000,0.00000,1.71154,1.56005,
94.31000,1.57464,0.00008,1.21715,0.47463,0.00000,0.00000,0.00000,1.69186,1.57464,
94.20000,1.59722,0.00008,1.21040,0.46711,0.00000,0.00000,0.00000,1.67760,1.59722,
94.14000,1.62514,0.00008,1.20673,0.46306,0.00000,0.00000,0.00000,1.66988,1.62514,
94.42000,1.65278,0.00008,1.22393,0.48225,0.00000,0.00000,0.00000,1.70627,1.65278,
94.62000,1.67545,0.00009,1.23635,0.49639,0.00000,0.00000,0.00000,1.73282,1.67545,
94.74000,1.69295,0.00009,1.24384,0.50505,0.00000,0.00000,0.00000,1.74898,1.69295,
94.83000,1.70969,0.00009,1.24949,0.51163,0.00000,0.00000,0.00000,1.76121,1.70969,
94.89000,1.73205,0.00009,1.25327,0.51607,0.00000,0.00000,0.00000,1.76943,1.73205,
95.26000,1.76472,0.00010,1.27676,0.54418,0.00000,0.00000,0.00000,1.82103,1.76472,
95.51000,1.80677,0.00010,1.29284,0.56393,0.00000,0.00000,0.00000,1.85688,1.80677,
95.67000,1.85014,0.00010,1.30322,0.57691,0.00000,0.00000,0.00000,1.88024,1.85014,
95.11000,1.88332,0.00009,1.26719,0.53262,0.00000,0.00000,0.00000,1.79991,1.88332,
95.41000,1.89781,0.00010,1.28639,0.55596,0.00000,0.00000,0.00000,1.84245,1.89781,
95.61000,1.89273,0.00010,1.29932,0.57202,0.00000,0.00000,0.00000,1.87144,1.89273,
96.40000,1.87514,0.00011,1.35144,0.63955,0.00000,0.00000,0.00000,1.99110,1.87514,
96.60000,1.85691,0.00012,1.36491,0.65772,0.00000,0.00000,0.00000,2.02274,1.85691,
96.74000,1.84964,0.00012,1.37439,0.67070,0.00000,0.00000,0.00000,2.04522,1.84964,
96.82000,1.85918,0.00012,1.37984,0.67822,0.00000,0.00000,0.00000,2.05819,1.85918,
96.55000,1.88264,0.00012,1.36153,0.65313,0.00000,0.00000,0.00000,2.01478,1.88264,
96.37000,1.91095,0.00011,1.34943,0.63686,0.00000,0.00000,0.00000,1.98640,1.91095,
96.91000,1.93500,0.00012,1.38599,0.68677,0.00000,0.00000,0.00000,2.07289,1.93500,
96.94000,1.95059,0.00012,1.38804,0.68964,0.00000,0.00000,0.00000,2.07781,1.95059,
96.96000,1.96073,0.00012,1.38941,0.69156,0.00000,0.00000,0.00000,2.08110,1.96073,
97.64000,1.97396,0.00014,1.43669,0.75963,0.00000,0.00000,0.00000,2.19645,1.97396,
97.76000,1.99964,0.00014,1.44516,0.77222,0.00000,0.00000,0.00000,2.21752,1.99964,
97.84000,2.04286,0.00014,1.45083,0.78071,0.00000,0.00000,0.00000,2.23169,2.04286,
97.56000,2.10160,0.00014,1.43106,0.75133,0.00000,0.00000,0.00000,2.18253,2.10160,
97.71000,2.16809,0.00014,1.44162,0.76695,0.00000,0.00000,0.00000,2.20871,2.16809,
97.80000,2.23318,0.00014,1.44799,0.77645,0.00000,0.00000,0.00000,2.22459,2.23318,
97.87000,2.28941,0.00014,1.45297,0.78391,0.00000,0.00000,0.00000,2.23702,2.28941,
98.25000,2.33273,0.00015,1.48019,0.82549,0.00000,0.00000,0.00000,2.30583,2.33273,
98.16000,2.36281,0.00015,1.47371,0.81547,0.00000,0.00000,0.00000,2.28933,2.36281,
98.11000,2.38214,0.00015,1.47011,0.80996,0.00000,0.00000,0.00000,2.28022,2.38214,
98.07000,2.39550,0.00015,1.46724,0.80557,0.00000,0.00000,0.00000,2.27296,2.39550,
98.38000,2.41014,0.00015,1.48960,0.84013,0.00000,0.00000,0.00000,2.32988,2.41014,
98.92000,2.43441,0.00017,1.52919,0.90329,0.00000,0.00000,0.00000,2.43265,2.43441,
99.28000,2.47477,0.00018,1.55605,0.94755,0.00000,0.00000,0.00000,2.50378,2.47477,
99.19000,2.53205,0.00017,1.54930,0.93632,0.00000,0.00000,0.00000,2.48580,2.53205,
99.12000,2.59964,0.00017,1.54407,0.92767,0.00000,0.00000,0.00000,2.47191,2.59964,
99.08000,2.66531,0.00017,1.54108,0.92275,0.00000,0.00000,0.00000,2.46400,2.66531,
99.06000,2.71582,0.00017,1.53959,0.92030,0.00000,0.00000,0.00000,2.46006,2.71582,
99.04000,2.74250,0.00017,1.53810,0.91785,0.00000,0.00000,0.00000,2.45613,2.74250,
99.69000,2.74458,0.00019,1.58710,1.00009,0.00000,0.00000,0.00000,2.58738,2.74458,
99.79000,2.72767,0.00019,1.59475,1.01326,0.00000,0.00000,0.00000,2.60819,2.72767,
100.20000,2.69955,0.00020,1.62641,1.06868,0.00000,0.00000,0.00000,2.69529,2.69955,
100.80000,2.66668,0.00022,1.67364,1.15406,0.00000,0.00000,0.00000,2.82791,2.66668,
100.86000,2.63340,0.00022,1.67842,1.16287,0.00000,0.00000,0.00000,2.84152,2.63340,
100.91000,2.60300,0.00023,1.68241,1.17026,0.00000,0.00000,0.00000,2.85290,2.60300,
100.61000,2.57901,0.00022,1.65857,1.12647,0.00000,0.00000,0.00000,2.78525,2.57901,
100.40000,2.56582,0.00021,1.64203,1.09657,0.00000,0.00000,0.00000,2.73882,2.56582,
100.94000,2.56809,0.00023,1.68481,1.17471,0.00000,0.00000,0.00000,2.85975,2.56809,
100.96000,2.58842,0.00023,1.68641,1.17768,0.00000,0.00000,0.00000,2.86432,2.58842,
100.97000,2.62536,0.00023,1.68721,1.17917,0.00000,0.00000,0.00000,2.86661,2.62536,
100.98000,2.67377,0.00023,1.68801,1.18066,0.00000,0.00000,0.00000,2.86891,2.67377,
101.32000,2.72623,0.00024,1.71544,1.23218,0.00000,0.00000,0.00000,2.94786,2.72623,
101.55000,2.77500,0.00025,1.73418,1.26797,0.00000,0.00000,0.00000,3.00241,2.77500,
101.70000,2.81422,0.00025,1.74650,1.29172,0.00000,0.00000,0.00000,3.03847,2.81422,
101.80000,2.84205,0.00026,1.75474,1.30773,0.00000,0.00000,0.00000,3.06273,2.84205,
102.20000,2.86255,0.00027,1.78804,1.37318,0.00000,0.00000,0.00000,3.16149,2.86255,
102.13000,2.88618,0.00027,1.78217,1.36157,0.00000,0.00000,0.00000,3.14401,2.88618,
102.42000,2.92646,0.00028,1.80655,1.41015,0.00000,0.00000,0.00000,3.21698,2.92646,
102.28000,2.99424,0.00028,1.79475,1.38655,0.00000,0.00000,0.00000,3.18157,2.99424,
102.19000,3.09227,0.00027,1.78720,1.37152,0.00000,0.00000,0.00000,3.15899,3.09227,
102.12000,3.21163,0.00027,1.78134,1.35991,0.00000,0.00000,0.00000,3.14152,3.21163,
102.08000,3.33222,0.00027,1.77800,1.35331,0.00000,0.00000,0.00000,3.13157,3.33222,
102.06000,3.42840,0.00027,1.77633,1.35002,0.00000,0.00000,0.00000,3.12661,3.42840,
103.04000,3.47826,0.00031,1.85954,1.51792,0.00000,0.00000,0.00000,3.37777,3.47826,
103.02000,3.47290,0.00031,1.85781,1.51436,0.00000,0.00000,0.00000,3.37248,3.47290,
102.68000,3.42031,0.00029,1.82863,1.45470,0.00000,0.00000,0.00000,3.28362,3.42031,
102.79000,3.34227,0.00030,1.83803,1.47383,0.00000,0.00000,0.00000,3.31216,3.34227,
103.19000,3.26719,0.00032,1.87254,1.54478,0.00000,0.00000,0.00000,3.41764,3.26719,
103.46000,3.22160,0.00033,1.89611,1.59388,0.00000,0.00000,0.00000,3.49032,3.22160,
103.64000,3.22269,0.00034,1.91195,1.62714,0.00000,0.00000,0.00000,3.53943,3.22269,
104.09000,3.27474,0.00036,1.95199,1.71206,0.00000,0.00000,0.00000,3.66442,3.27474,
104.40000,3.36969,0.00038,1.97995,1.77198,0.00000,0.00000,0.00000,3.75231,3.36969,
104.26000,3.49045,0.00037,1.96729,1.74478,0.00000,0.00000,0.00000,3.71244,3.49045,
104.18000,3.61523,0.00036,1.96008,1.72934,0.00000,0.00000,0.00000,3.68979,3.61523,
104.45000,3.72273,0.00038,1.98449,1.78175,0.00000,0.00000,0.00000,3.76661,3.72273,
104.30000,3.79826,0.00037,1.97090,1.75253,0.00000,0.00000,0.00000,3.72380,3.79826,
104.20000,3.83804,0.00037,1.96188,1.73320,0.00000,0.00000,0.00000,3.69544,3.83804,
104.47000,3.84941,0.00038,1.98630,1.78566,0.00000,0.00000,0.00000,3.77235,3.84941,
104.98000,3.84714,0.00041,2.03307,1.88694,0.00000,0.00000,0.00000,3.92041,3.84714,
105.65000,3.84700,0.00045,2.09575,2.02379,0.00000,0.00000,0.00000,4.11999,3.84700,
105.43000,3.85955,0.00044,2.07501,1.97842,0.00000,0.00000,0.00000,4.05387,3.85955,
105.29000,3.88755,0.00043,2.06189,1.94976,0.00000,0.00000,0.00000,4.01209,3.88755,
105.86000,3.92786,0.00047,2.11569,2.06744,0.00000,0.00000,0.00000,4.18359,3.92786,
105.57000,3.97523,0.00045,2.08819,2.00725,0.00000,0.00000,0.00000,4.09588,3.97523,
106.05000,4.02477,0.00048,2.13385,2.10719,0.00000,0.00000,0.00000,4.24152,4.02477,
106.37000,4.07214,0.00050,2.16471,2.17462,0.00000,0.00000,0.00000,4.33983,4.07214,
106.24000,4.11281,0.00049,2.15213,2.14716,0.00000,0.00000,0.00000,4.29979,4.11281,
105.83000,4.14309,0.00046,2.11283,2.06118,0.00000,0.00000,0.00000,4.17448,4.14309,
106.22000,4.16241,0.00049,2.15020,2.14295,0.00000,0.00000,0.00000,4.29364,4.16241,
106.48000,4.17559,0.00051,2.17539,2.19792,0.00000,0.00000,0.00000,4.37382,4.17559,
106.32000,4.19286,0.00050,2.15986,2.16405,0.00000,0.00000,0.00000,4.32441,4.19286,
106.55000,4.22601,0.00051,2.18220,2.21278,0.00000,0.00000,0.00000,4.39549,4.22601,
106.36000,4.28191,0.00050,2.16374,2.17251,0.00000,0.00000,0.00000,4.33675,4.28191,
106.58000,4.35832,0.00052,2.18513,2.21915,0.00000,0.00000,0.00000,4.40479,4.35832,
107.05000,4.44432,0.00055,2.23136,2.31931,0.00000,0.00000,0.00000,4.55122,4.44432,
107.03000,4.52523,0.00055,2.22937,2.31504,0.00000,0.00000,0.00000,4.54497,4.52523,
107.36000,4.58922,0.00058,2.26223,2.38557,0.00000,0.00000,0.00000,4.64838,4.58922,
107.24000,4.63155,0.00057,2.25024,2.35992,0.00000,0.00000,0.00000,4.61073,4.63155,
107.16000,4.65391,0.00056,2.24228,2.34282,0.00000,0.00000,0.00000,4.58566,4.65391,
107.44000,4.66099,0.00058,2.27025,2.40266,0.00000,0.00000,0.00000,4.67350,4.66099,
107.63000,4.65655,0.00060,2.28938,2.44323,0.00000,0.00000,0.00000,4.73321,4.65655,
107.75000,4.64168,0.00061,2.30152,2.46882,0.00000,0.00000,0.00000,4.77095,4.64168,
107.83000,4.61686,0.00062,2.30964,2.48585,0.00000,0.00000,0.00000,4.79611,4.61686,
107.89000,4.58550,0.00062,2.31574,2.49861,0.00000,0.00000,0.00000,4.81497,4.58550,
107.59000,4.55688,0.00060,2.28534,2.43470,0.00000,0.00000,0.00000,4.72064,4.55688,
107.73000,4.54609,0.00061,2.29949,2.46456,0.00000,0.00000,0.00000,4.76466,4.54609,
107.82000,4.56969,0.00062,2.30862,2.48372,0.00000,0.00000,0.00000,4.79296,4.56969,
107.88000,4.63783,0.00062,2.31472,2.49649,0.00000,0.00000,0.00000,4.81183,4.63783,
108.25000,4.74750,0.00066,2.35260,2.57482,0.00000,0.00000,0.00000,4.92808,4.74750,
108.50000,4.88031,0.00068,2.37844,2.62727,0.00000,0.00000,0.00000,5.00639,4.88031,
108.67000,5.00750,0.00070,2.39613,2.66264,0.00000,0.00000,0.00000,5.05947,5.00750,
109.11000,5.10127,0.00074,2.44235,2.75278,0.00000,0.00000,0.00000,5.19587,5.10127,
109.07000,5.14694,0.00074,2.43812,2.74468,0.00000,0.00000,0.00000,5.18354,5.14694,
109.05000,5.14964,0.00074,2.43601,2.74062,0.00000,0.00000,0.00000,5.17737,5.14964,
109.37000,5.13132,0.00077,2.46995,2.80487,0.00000,0.00000,0.00000,5.27559,5.13132,
109.58000,5.11950,0.00079,2.49241,2.84617,0.00000,0.00000,0.00000,5.33937,5.11950,
109.72000,5.13359,0.00081,2.50746,2.87328,0.00000,0.00000,0.00000,5.38155,5.13359,
109.81000,5.17696,0.00082,2.51716,2.89051,0.00000,0.00000,0.00000,5.40850,5.17696,
109.87000,5.23845,0.00083,2.52365,2.90191,0.00000,0.00000,0.00000,5.42639,5.23845,
109.92000,5.30118,0.00083,2.52906,2.91136,0.00000,0.00000,0.00000,5.44125,5.30118,
109.61000,5.35227,0.00080,2.49563,2.85201,0.00000,0.00000,0.00000,5.34843,5.35227,
109.74000,5.38795,0.00081,2.50961,2.87712,0.00000,0.00000,0.00000,5.38755,5.38795,
109.83000,5.41259,0.00082,2.51932,2.89432,0.00000,0.00000,0.00000,5.41447,5.41259,
110.22000,5.43418,0.00087,2.56171,2.96687,0.00000,0.00000,0.00000,5.52946,5.43418,
110.48000,5.45977,0.00090,2.59025,3.01325,0.00000,0.00000,0.00000,5.60440,5.45977,
110.65000,5.49273,0.00092,2.60902,3.04262,0.00000,0.00000,0.00000,5.65256,5.49273,
110.77000,5.53300,0.00094,2.62233,3.06286,0.00000,0.00000,0.00000,5.68613,5.53300,
110.85000,5.57932,0.00095,2.63123,3.07611,0.00000,0.00000,0.00000,5.70829,5.57932,
110.90000,5.63009,0.00096,2.63680,3.08430,0.00000,0.00000,0.00000,5.72205,5.63009,
110.93000,5.68259,0.00096,2.64014,3.08917,0.00000,0.00000,0.00000,5.73028,5.68259,
110.95000,5.73205,0.00096,2.64238,3.09241,0.00000,0.00000,0.00000,5.73575,5.73205,
111.64000,5.77200,0.00106,2.72019,3.19563,0.00000,0.00000,0.00000,5.91687,5.77200,
112.09000,5.79562,0.00113,2.77175,3.25309,0.00000,0.00000,0.00000,6.02597,5.79562,
112.39000,5.79773,0.00118,2.80648,3.28647,0.00000,0.00000,0.00000,6.09413,5.79773,
112.26000,5.77778,0.00116,2.79139,3.27252,0.00000,0.00000,0.00000,6.06507,5.77778,
112.84000,5.74368,0.00125,2.85911,3.32839,0.00000,0.00000,0.00000,6.18875,5.74368,
112.56000,5.71227,0.00121,2.82629,3.30350,0.00000,0.00000,0.00000,6.13099,5.71227,
112.71000,5.70401,0.00123,2.84384,3.31733,0.00000,0.00000,0.00000,6.16240,5.70401,
112.80000,5.73446,0.00125,2.85440,3.32508,0.00000,0.00000,0.00000,6.18073,5.73446,
112.87000,5.80727,0.00126,2.86264,3.33081,0.00000,0.00000,0.00000,6.19471,5.80727,
112.91000,5.91168,0.00127,2.86735,3.33397,0.00000,0.00000,0.00000,6.20259,5.91168,
113.28000,6.02559,0.00133,2.91118,3.35905,0.00000,0.00000,0.00000,6.27156,6.02559,
113.18000,6.12340,0.00131,2.89929,3.35303,0.00000,0.00000,0.00000,6.25363,6.12340,
113.46000,6.18517,0.00137,2.93265,3.36844,0.00000,0.00000,0.00000,6.30246,6.18517,
113.30000,6.20231,0.00134,2.91356,3.36019,0.00000,0.00000,0.00000,6.27508,6.20231,
113.20000,6.17767,0.00132,2.90167,3.35428,0.00000,0.00000,0.00000,6.25726,6.17767,
113.14000,6.12236,0.00131,2.89455,3.35046,0.00000,0.00000,0.00000,6.24631,6.12236,
113.42000,6.05264,0.00136,2.92787,3.36652,0.00000,0.00000,0.00000,6.29575,6.05264,
113.95000,5.98741,0.00146,2.99162,3.38409,0.00000,0.00000,0.00000,6.37717,5.98741,
113.97000,5.94432,0.00147,2.99405,3.38441,0.00000,0.00000,0.00000,6.37992,5.94432,
113.98000,5.93469,0.00147,2.99526,3.38456,0.00000,0.00000,0.00000,6.38128,5.93469,
113.98000,5.95969,0.00147,2.99526,3.38456,0.00000,0.00000,0.00000,6.38128,5.95969,
113.99000,6.01014,0.00147,2.99647,3.38470,0.00000,0.00000,0.00000,6.38264,6.01014,
113.99000,6.07059,0.00147,2.99647,3.38470,0.00000,0.00000,0.00000,6.38264,6.07059,
114.00000,6.12559,0.00147,2.99768,3.38484,0.00000,0.00000,0.00000,6.38399,6.12559,
114.66000,6.16523,0.00161,3.07837,3.37923,0.00000,0.00000,0.00000,6.45922,6.16523,
115.11000,6.18722,0.00172,3.13415,3.35812,0.00000,0.00000,0.00000,6.49399,6.18722,
115.07000,6.19399,0.00171,3.12916,3.36059,0.00000,0.00000,0.00000,6.49146,6.19399,
115.38000,6.18722,0.00178,3.16790,3.33844,0.00000,0.00000,0.00000,6.50812,6.18722,
115.59000,6.16523,0.00183,3.19430,3.31942,0.00000,0.00000,0.00000,6.51555,6.16523,
115.06000,6.12486,0.00171,3.12792,3.36119,0.00000,0.00000,0.00000,6.49081,6.12486,
115.37000,6.06531,0.00178,3.16664,3.33927,0.00000,0.00000,0.00000,6.50769,6.06531,
115.58000,5.99059,0.00183,3.19304,3.32040,0.00000,0.00000,0.00000,6.51527,5.99059,
115.39000,5.90969,0.00178,3.16915,3.33761,0.00000,0.00000,0.00000,6.50855,5.90969,
115.59000,5.83514,0.00183,3.19430,3.31942,0.00000,0.00000,0.00000,6.51555,5.83514,
115.73000,5.78014,0.00187,3.21197,3.30491,0.00000,0.00000,0.00000,6.51876,5.78014,
115.82000,5.75497,0.00189,3.22337,3.29481,0.00000,0.00000,0.00000,6.52007,5.75497,
115.88000,5.76533,0.00191,3.23097,3.28774,0.00000,0.00000,0.00000,6.52062,5.76533,
115.92000,5.81241,0.00192,3.23605,3.28287,0.00000,0.00000,0.00000,6.52084,5.81241,
115.95000,5.89191,0.00193,3.23986,3.27915,0.00000,0.00000,0.00000,6.52094,5.89191,
116.30000,5.99264,0.00202,3.28452,3.23064,0.00000,0.00000,0.00000,6.51718,5.99264,
116.86000,6.09750,0.00218,3.35670,3.13387,0.00000,0.00000,0.00000,6.49275,6.09750,
117.24000,6.18731,0.00230,3.40618,3.05497,0.00000,0.00000,0.00000,6.46345,6.18731,
117.50000,6.24599,0.00238,3.44027,2.99499,0.00000,0.00000,0.00000,6.43764,6.24599,
118.00000,6.26486,0.00255,3.50634,2.86651,0.00000,0.00000,0.00000,6.37540,6.26486,
117.66000,6.24509,0.00243,3.46134,2.95572,0.00000,0.00000,0.00000,6.41949,6.24509,
117.44000,6.19731,0.00236,3.43239,3.00925,0.00000,0.00000,0.00000,6.44400,6.19731,
117.96000,6.13641,0.00253,3.50103,2.87740,0.00000,0.00000,0.00000,6.38097,6.13641,
117.97000,6.07455,0.00254,3.50236,2.87469,0.00000,0.00000,0.00000,6.37959,6.07455,
117.98000,6.01786,0.00254,3.50368,2.87197,0.00000,0.00000,0.00000,6.37820,6.01786,
117.99000,5.96750,0.00255,3.50501,2.86925,0.00000,0.00000,0.00000,6.37680,5.96750,
117.99000,5.92264,0.00255,3.50501,2.86925,0.00000,0.00000,0.00000,6.37680,5.92264,
118.00000,5.88300,0.00255,3.50634,2.86651,0.00000,0.00000,0.00000,6.37540,5.88300,
118.00000,5.84977,0.00255,3.50634,2.86651,0.00000,0.00000,0.00000,6.37540,5.84977,
118.00000,5.82464,0.00255,3.50634,2.86651,0.00000,0.00000,0.00000,6.37540,5.82464,
118.33000,5.80714,0.00267,3.55031,2.77278,0.00000,0.00000,0.00000,6.32576,5.80714,
118.89000,5.79323,0.00287,3.62558,2.59897,0.00000,0.00000,0.00000,6.22743,5.79323,
118.93000,5.77800,0.00289,3.63099,2.58591,0.00000,0.00000,0.00000,6.21979,5.77800,
118.95000,5.76000,0.00290,3.63369,2.57934,0.00000,0.00000,0.00000,6.21594,5.76000,
119.30000,5.74273,0.00304,3.68120,2.46136,0.00000,0.00000,0.00000,6.14559,5.74273,
119.53000,5.73205,0.00313,3.71258,2.38087,0.00000,0.00000,0.00000,6.09658,5.73205,
119.36000,5.73168,0.00306,3.68937,2.44057,0.00000,0.00000,0.00000,6.13301,5.73168,
119.24000,5.74009,0.00301,3.67303,2.48199,0.00000,0.00000,0.00000,6.15803,5.74009,
119.49000,5.74986,0.00312,3.70711,2.39502,0.00000,0.00000,0.00000,6.10525,5.74986,
119.66000,5.75000,0.00319,3.73037,2.33445,0.00000,0.00000,0.00000,6.06802,5.75000,
120.11000,5.73068,0.00339,3.79228,2.16942,0.00000,0.00000,0.00000,5.96509,5.73068,
120.07000,5.68781,0.00337,3.78676,2.18433,0.00000,0.00000,0.00000,5.97446,5.68781,
120.05000,5.62464,0.00336,3.78400,2.19177,0.00000,0.00000,0.00000,5.97913,5.62464,
120.03000,5.54964,0.00335,3.78124,2.19920,0.00000,0.00000,0.00000,5.98379,5.54964,
120.02000,5.47273,0.00335,3.77986,2.20291,0.00000,0.00000,0.00000,5.98612,5.47273,
120.01000,5.40205,0.00334,3.77849,2.20661,0.00000,0.00000,0.00000,5.98844,5.40205,
120.34000,5.34205,0.00349,3.82411,2.08293,0.00000,0.00000,0.00000,5.91054,5.34205,
120.23000,5.29273,0.00344,3.80887,2.12445,0.00000,0.00000,0.00000,5.93676,5.29273,
120.49000,5.25073,0.00357,3.84493,2.02595,0.00000,0.00000,0.00000,5.87445,5.25073,
120.66000,5.21255,0.00365,3.86859,1.96093,0.00000,0.00000,0.00000,5.83317,5.21255,
120.77000,5.17750,0.00370,3.88394,1.91867,0.00000,0.00000,0.00000,5.80631,5.17750,
121.18000,5.14795,0.00391,3.94137,1.76045,0.00000,0.00000,0.00000,5.70573,5.14795,
121.12000,5.12719,0.00388,3.93294,1.78363,0.00000,0.00000,0.00000,5.72045,5.12719,
121.41000,5.11646,0.00403,3.97374,1.67169,0.00000,0.00000,0.00000,5.64946,5.11646,
121.61000,5.11267,0.00414,4.00198,1.59481,0.00000,0.00000,0.00000,5.60093,5.11267,
121.74000,5.10832,0.00421,4.02038,1.54510,0.00000,0.00000,0.00000,5.56969,5.10832,
121.83000,5.09446,0.00426,4.03314,1.51083,0.00000,0.00000,0.00000,5.54823,5.09446,
122.22000,5.06531,0.00449,4.08861,1.36426,0.00000,0.00000,0.00000,5.45736,5.06531,
122.15000,5.02099,0.00445,4.07863,1.39030,0.00000,0.00000,0.00000,5.47338,5.02099,
122.10000,4.96660,0.00442,4.07151,1.40898,0.00000,0.00000,0.00000,5.48491,4.96660,
122.40000,4.90932,0.00460,4.11431,1.29793,0.00000,0.00000,0.00000,5.41684,4.90932,
122.60000,4.85540,0.00472,4.14294,1.22543,0.00000,0.00000,0.00000,5.37310,4.85540,
122.73000,4.80714,0.00480,4.16159,1.17907,0.00000,0.00000,0.00000,5.34546,4.80714,
122.82000,4.76210,0.00486,4.17452,1.14735,0.00000,0.00000,0.00000,5.32673,4.76210,
122.88000,4.71545,0.00490,4.18314,1.12639,0.00000,0.00000,0.00000,5.31443,4.71545,
122.92000,4.66290,0.00493,4.18890,1.11250,0.00000,0.00000,0.00000,5.30632,4.66290,
122.95000,4.60241,0.00495,4.19322,1.10212,0.00000,0.00000,0.00000,5.30028,4.60241,
122.96000,4.53542,0.00495,4.19466,1.09867,0.00000,0.00000,0.00000,5.29828,4.53542,
122.98000,4.46832,0.00497,4.19754,1.09178,0.00000,0.00000,0.00000,5.29429,4.46832,
123.32000,4.41227,0.00519,4.24660,0.97750,0.00000,0.00000,0.00000,5.22929,4.41227,
123.55000,4.37938,0.00535,4.27989,0.90340,0.00000,0.00000,0.00000,5.18865,4.37938,
123.70000,4.37755,0.00546,4.30165,0.85658,0.00000,0.00000,0.00000,5.16369,4.37755,
123.80000,4.40677,0.00553,4.31618,0.82605,0.00000,0.00000,0.00000,5.14776,4.40677,
123.87000,4.45677,0.00558,4.32636,0.80502,0.00000,0.00000,0.00000,5.13696,4.45677,
123.91000,4.50845,0.00561,4.33218,0.79312,0.00000,0.00000,0.00000,5.13091,4.50845,
123.94000,4.54082,0.00564,4.33654,0.78426,0.00000,0.00000,0.00000,5.12644,4.54082,
124.63000,4.54017,0.00617,4.43731,0.59546,0.00000,0.00000,0.00000,5.03894,4.54017,
124.75000,4.50554,0.00627,4.45491,0.56565,0.00000,0.00000,0.00000,5.02683,4.50554,
124.50000,4.44691,0.00607,4.41828,0.62878,0.00000,0.00000,0.00000,5.05313,4.44691,
124.67000,4.37868,0.00620,4.44318,0.58542,0.00000,0.00000,0.00000,5.03480,4.37868,
124.78000,4.31172,0.00629,4.45931,0.55834,0.00000,0.00000,0.00000,5.02394,4.31172,
125.19000,4.24736,0.00664,4.51956,0.46427,0.00000,0.00000,0.00000,4.99047,4.24736,
125.46000,4.17741,0.00688,4.55934,0.40823,0.00000,0.00000,0.00000,4.97445,4.17741,
125.64000,4.09068,0.00704,4.58591,0.37346,0.00000,0.00000,0.00000,4.96641,4.09068,
126.09000,3.98113,0.00747,4.65246,0.29544,0.00000,0.00000,0.00000,4.95537,3.98113,
126.06000,3.85278,0.00744,4.64802,0.30025,0.00000,0.00000,0.00000,4.95571,3.85278,
126.04000,3.71983,0.00742,4.64506,0.30349,0.00000,0.00000,0.00000,4.95597,3.71983,
126.03000,3.60250,0.00741,4.64358,0.30512,0.00000,0.00000,0.00000,4.95611,3.60250,
126.02000,3.51969,0.00740,4.64210,0.30676,0.00000,0.00000,0.00000,4.95626,3.51969,
126.01000,3.48179,0.00739,4.64062,0.30840,0.00000,0.00000,0.00000,4.95641,3.48179,
126.01000,3.48792,0.00739,4.64062,0.30840,0.00000,0.00000,0.00000,4.95641,3.48792,
125.67000,3.52773,0.00707,4.59034,0.36787,0.00000,0.00000,0.00000,4.96528,3.52773,
126.11000,3.58514,0.00749,4.65542,0.29226,0.00000,0.00000,0.00000,4.95517,3.58514,
126.41000,3.64337,0.00779,4.69990,0.24743,0.00000,0.00000,0.00000,4.95511,3.64337,
126.61000,3.69045,0.00799,4.72958,0.22044,0.00000,0.00000,0.00000,4.95801,3.69045,
126.74000,3.72245,0.00813,4.74889,0.20408,0.00000,0.00000,0.00000,4.96110,3.72245,
126.83000,3.74214,0.00822,4.76227,0.19330,0.00000,0.00000,0.00000,4.96379,3.74214,
126.88000,3.75477,0.00828,4.76970,0.18749,0.00000,0.00000,0.00000,4.96547,3.75477,
126.92000,3.76450,0.00832,4.77565,0.18294,0.00000,0.00000,0.00000,4.96691,3.76450,
127.61000,3.77186,0.00910,4.87837,0.11678,0.00000,0.00000,0.00000,5.00425,3.77186,
128.08000,3.77236,0.00967,4.94843,0.08361,0.00000,0.00000,0.00000,5.04171,3.77236,
128.05000,3.75845,0.00963,4.94396,0.08548,0.00000,0.00000,0.00000,5.03906,3.75845,
127.37000,3.72523,0.00882,4.84261,0.13726,0.00000,0.00000,0.00000,4.98870,3.72523,
127.58000,3.67509,0.00906,4.87390,0.11921,0.00000,0.00000,0.00000,5.00216,3.67509,
127.72000,3.61786,0.00923,4.89476,0.10823,0.00000,0.00000,0.00000,5.01221,3.61786,
128.15000,3.56623,0.00975,4.95887,0.07939,0.00000,0.00000,0.00000,5.04801,3.56623,
128.10000,3.52927,0.00969,4.95141,0.08239,0.00000,0.00000,0.00000,5.04349,3.52927,
128.40000,3.50795,0.01007,4.99616,0.06567,0.00000,0.00000,0.00000,5.07190,3.50795,
128.60000,3.49469,0.01033,5.02599,0.05614,0.00000,0.00000,0.00000,5.09246,3.49469,
128.40000,3.47823,0.01007,4.99616,0.06567,0.00000,0.00000,0.00000,5.07190,3.47823,
127.93000,3.45200,0.00948,4.92606,0.09326,0.00000,0.00000,0.00000,5.02881,3.45200,
128.29000,3.41932,0.00993,4.97975,0.07145,0.00000,0.00000,0.00000,5.06113,3.41932,
128.53000,3.39182,0.01024,5.01555,0.05934,0.00000,0.00000,0.00000,5.08513,3.39182,
128.68000,3.38309,0.01044,5.03792,0.05265,0.00000,0.00000,0.00000,5.10102,3.38309,
128.79000,3.40160,0.01059,5.05433,0.04815,0.00000,0.00000,0.00000,5.11307,3.40160,
129.19000,3.44660,0.01115,5.11397,0.03436,0.00000,0.00000,0.00000,5.15948,3.44660,
129.46000,3.50854,0.01154,5.15421,0.02704,0.00000,0.00000,0.00000,5.19280,3.50854,
129.64000,3.57236,0.01181,5.18102,0.02293,0.00000,0.00000,0.00000,5.21576,3.57236,
129.76000,3.62214,0.01199,5.19888,0.02050,0.00000,0.00000,0.00000,5.23137,3.62214,
129.84000,3.64613,0.01211,5.21079,0.01900,0.00000,0.00000,0.00000,5.24190,3.64613,
129.89000,3.63995,0.01219,5.21823,0.01811,0.00000,0.00000,0.00000,5.24853,3.63995,
129.60000,3.60750,0.01175,5.17506,0.02380,0.00000,0.00000,0.00000,5.21061,3.60750,
129.73000,3.56036,0.01195,5.19442,0.02109,0.00000,0.00000,0.00000,5.22745,3.56036,
130.15000,3.51441,0.01260,5.25689,0.01404,0.00000,0.00000,0.00000,5.28353,3.51441,
130.44000,3.48382,0.01308,5.29996,0.01044,0.00000,0.00000,0.00000,5.32348,3.48382,
130.29000,3.47514,0.01283,5.27769,0.01219,0.00000,0.00000,0.00000,5.30271,3.47514,
130.53000,3.48528,0.01323,5.31331,0.00950,0.00000,0.00000,0.00000,5.33604,3.48528,
131.02000,3.50514,0.01408,5.38588,0.00557,0.00000,0.00000,0.00000,5.40553,3.50514,
131.01000,3.52545,0.01406,5.38440,0.00563,0.00000,0.00000,0.00000,5.40409,3.52545,
130.67000,3.53986,0.01347,5.33407,0.00819,0.00000,0.00000,0.00000,5.35572,3.53986,
131.45000,3.54536,0.01487,5.44936,0.00337,0.00000,0.00000,0.00000,5.46760,3.54536,
131.63000,3.54250,0.01521,5.47586,0.00271,0.00000,0.00000,0.00000,5.49378,3.54250,
131.76000,3.53523,0.01547,5.49497,0.00231,0.00000,0.00000,0.00000,5.51275,3.53523,
131.50000,3.53050,0.01496,5.45672,0.00318,0.00000,0.00000,0.00000,5.47486,3.53050,
131.67000,3.53769,0.01529,5.48174,0.00258,0.00000,0.00000,0.00000,5.49961,3.53769,
131.78000,3.56682,0.01550,5.49791,0.00225,0.00000,0.00000,0.00000,5.51567,3.56682,
132.19000,3.62427,0.01633,5.55802,0.00132,0.00000,0.00000,0.00000,5.57568,3.62427,
132.12000,3.70727,0.01619,5.54778,0.00145,0.00000,0.00000,0.00000,5.56542,3.70727,
132.42000,3.80205,0.01681,5.59163,0.00097,0.00000,0.00000,0.00000,5.60941,3.80205,
132.28000,3.88840,0.01652,5.57118,0.00117,0.00000,0.00000,0.00000,5.58887,3.88840,
132.85000,3.94826,0.01775,5.65421,0.00053,0.00000,0.00000,0.00000,5.67248,3.94826,
133.23000,3.97236,0.01861,5.70921,0.00030,0.00000,0.00000,0.00000,5.72812,3.97236,
133.16000,3.96222,0.01845,5.69910,0.00033,0.00000,0.00000,0.00000,5.71788,3.96222,
133.10000,3.92767,0.01831,5.69042,0.00036,0.00000,0.00000,0.00000,5.70910,3.92767,
133.40000,3.88191,0.01902,5.73372,0.00023,0.00000,0.00000,0.00000,5.75296,3.88191,
133.27000,3.83646,0.01871,5.71498,0.00028,0.00000,0.00000,0.00000,5.73397,3.83646,
133.51000,3.79832,0.01928,5.74954,0.00019,0.00000,0.00000,0.00000,5.76901,3.79832,
133.67000,3.77087,0.01967,5.77251,0.00015,0.00000,0.00000,0.00000,5.79233,3.77087,
134.12000,3.75761,0.02081,5.83677,0.00007,0.00000,0.00000,0.00000,5.85765,3.75761,
134.41000,3.76491,0.02158,5.87791,0.00004,0.00000,0.00000,0.00000,5.89953,3.76491,
134.27000,3.80023,0.02121,5.85808,0.00005,0.00000,0.00000,0.00000,5.87934,3.80023,
134.52000,3.86637,0.02188,5.89346,0.00003,0.00000,0.00000,0.00000,5.91537,3.86637,
134.34000,3.95646,0.02139,5.86800,0.00005,0.00000,0.00000,0.00000,5.88944,3.95646,
134.56000,4.05312,0.02199,5.89910,0.00003,0.00000,0.00000,0.00000,5.92112,4.05312,
134.38000,4.13304,0.02150,5.87367,0.00004,0.00000,0.00000,0.00000,5.89521,4.13304,
134.58000,4.17573,0.02204,5.90192,0.00003,0.00000,0.00000,0.00000,5.92400,4.17573,
134.72000,4.17377,0.02243,5.92163,0.00002,0.00000,0.00000,0.00000,5.94409,4.17377,
134.81000,4.13767,0.02268,5.93427,0.00002,0.00000,0.00000,0.00000,5.95698,4.13767,
135.54000,4.09109,0.02484,6.03588,0.00000,0.00000,0.00000,0.00000,6.06073,4.09109,
135.36000,4.05946,0.02429,6.01098,0.00001,0.00000,0.00000,0.00000,6.03528,4.05946,
135.57000,4.05991,0.02493,6.04002,0.00000,0.00000,0.00000,0.00000,6.06496,4.05991,
135.72000,4.09646,0.02540,6.06066,0.00000,0.00000,0.00000,0.00000,6.08607,4.09646,
135.81000,4.15977,0.02569,6.07301,0.00000,0.00000,0.00000,0.00000,6.09870,4.15977,
135.54000,4.23118,0.02484,6.03588,0.00000,0.00000,0.00000,0.00000,6.06073,4.23118,
135.69000,4.29059,0.02531,6.05654,0.00000,0.00000,0.00000,0.00000,6.08185,4.29059,
135.80000,4.32509,0.02566,6.07164,0.00000,0.00000,0.00000,0.00000,6.09730,4.32509,
135.20000,4.33340,0.02381,5.98877,0.00001,0.00000,0.00000,0.00000,6.01259,4.33340,
135.80000,4.32514,0.02566,6.07164,0.00000,0.00000,0.00000,0.00000,6.09730,4.32514,
135.87000,4.31623,0.02588,6.08123,0.00000,0.00000,0.00000,0.00000,6.10711,4.31623,
136.24000,4.32236,0.02709,6.13162,0.00000,0.00000,0.00000,0.00000,6.15871,4.32236,
136.50000,4.35227,0.02798,6.16672,0.00000,0.00000,0.00000,0.00000,6.19470,4.35227,
136.66000,4.40460,0.02854,6.18818,0.00000,0.00000,0.00000,0.00000,6.21672,4.40460,
136.78000,4.47109,0.02896,6.20422,0.00000,0.00000,0.00000,0.00000,6.23318,4.47109,
136.85000,4.54332,0.02922,6.21354,0.00000,0.00000,0.00000,0.00000,6.24276,4.54332,
136.90000,4.61668,0.02940,6.22019,0.00000,0.00000,0.00000,0.00000,6.24959,4.61668,
136.93000,4.69000,0.02951,6.22417,0.00000,0.00000,0.00000,0.00000,6.25368,4.69000,
137.29000,4.76222,0.03084,6.27168,0.00000,0.00000,0.00000,0.00000,6.30253,4.76222,
137.19000,4.82913,0.03047,6.25854,0.00000,0.00000,0.00000,0.00000,6.28901,4.82913,
137.46000,4.88295,0.03150,6.29392,0.00000,0.00000,0.00000,0.00000,6.32542,4.88295,
137.64000,4.91582,0.03220,6.31733,0.00000,0.00000,0.00000,0.00000,6.34953,4.91582,
137.76000,4.92523,0.03268,6.33285,0.00000,0.00000,0.00000,0.00000,6.36553,4.92523,
137.84000,4.91773,0.03300,6.34316,0.00000,0.00000,0.00000,0.00000,6.37616,4.91773,
137.89000,4.90727,0.03321,6.34958,0.00000,0.00000,0.00000,0.00000,6.38279,4.90727,
137.93000,4.90896,0.03337,6.35472,0.00000,0.00000,0.00000,0.00000,6.38809,4.90896,
138.62000,4.93191,0.03631,6.44203,0.00000,0.00000,0.00000,0.00000,6.47834,4.93191,
138.41000,4.97427,0.03539,6.41571,0.00000,0.00000,0.00000,0.00000,6.45110,4.97427,
138.94000,5.02273,0.03776,6.48169,0.00000,0.00000,0.00000,0.00000,6.51945,5.02273,
138.96000,5.05832,0.03785,6.48415,0.00000,0.00000,0.00000,0.00000,6.52200,5.05832,
138.97000,5.06604,0.03790,6.48538,0.00000,0.00000,0.00000,0.00000,6.52328,5.06604,
138.98000,5.04332,0.03795,6.48661,0.00000,0.00000,0.00000,0.00000,6.52456,5.04332,
138.99000,5.00264,0.03799,6.48784,0.00000,0.00000,0.00000,0.00000,6.52583,5.00264,
138.33000,4.96719,0.03505,6.40562,0.00000,0.00000,0.00000,0.00000,6.44067,4.96719,
138.55000,4.96160,0.03600,6.43328,0.00000,0.00000,0.00000,0.00000,6.46929,4.96160,
139.03000,5.00160,0.03818,6.49275,0.00000,0.00000,0.00000,0.00000,6.53092,5.00160,
139.36000,5.08682,0.03975,6.53290,0.00000,0.00000,0.00000,0.00000,6.57265,5.08682,
139.57000,5.20073,0.04078,6.55813,0.00000,0.00000,0.00000,0.00000,6.59891,5.20073,
139.38000,5.31845,0.03984,6.53531,0.00000,0.00000,0.00000,0.00000,6.57516,5.31845,
139.59000,5.41832,0.04088,6.56052,0.00000,0.00000,0.00000,0.00000,6.60140,5.41832,
139.72000,5.49031,0.04153,6.57599,0.00000,0.00000,0.00000,0.00000,6.61752,5.49031,
139.82000,5.53722,0.04204,6.58783,0.00000,0.00000,0.00000,0.00000,6.62987,5.53722,
140.21000,5.57000,0.04408,6.63341,0.00000,0.00000,0.00000,0.00000,6.67749,5.57000,
140.14000,5.60132,0.04370,6.62530,0.00000,0.00000,0.00000,0.00000,6.66900,5.60132,
140.76000,5.63913,0.04711,6.69608,0.00000,0.00000,0.00000,0.00000,6.74319,5.63913,
140.51000,5.68295,0.04571,6.66783,0.00000,0.00000,0.00000,0.00000,6.71354,5.68295,
140.34000,5.72491,0.04478,6.64840,0.00000,0.00000,0.00000,0.00000,6.69318,5.72491,
140.23000,5.75486,0.04418,6.63573,0.00000,0.00000,0.00000,0.00000,6.67991,5.75486,
140.48000,5.76599,0.04554,6.66442,0.00000,0.00000,0.00000,0.00000,6.70996,5.76599,
140.99000,5.75750,0.04844,6.72170,0.00000,0.00000,0.00000,0.00000,6.77014,5.75750,
141.66000,5.73469,0.05252,6.79427,0.00000,0.00000,0.00000,0.00000,6.84679,5.73469,
141.77000,5.70832,0.05322,6.80588,0.00000,0.00000,0.00000,0.00000,6.85910,5.70832,
141.85000,5.69155,0.05374,6.81427,0.00000,0.00000,0.00000,0.00000,6.86801,5.69155,
141.57000,5.69410,0.05196,6.78470,0.00000,0.00000,0.00000,0.00000,6.83666,5.69410,
141.71000,5.71837,0.05284,6.79955,0.00000,0.00000,0.00000,0.00000,6.85240,5.71837,
142.14000,5.75977,0.05565,6.84429,0.00000,0.00000,0.00000,0.00000,6.89993,5.75977,
142.43000,5.81000,0.05762,6.87368,0.00000,0.00000,0.00000,0.00000,6.93130,5.81000,
142.62000,5.86059,0.05895,6.89258,0.00000,0.00000,0.00000,0.00000,6.95153,5.86059,
142.75000,5.90500,0.05988,6.90536,0.00000,0.00000,0.00000,0.00000,6.96523,5.90500,
142.83000,5.93986,0.06045,6.91315,0.00000,0.00000,0.00000,0.00000,6.97360,5.93986,
142.55000,5.96509,0.05846,6.88565,0.00000,0.00000,0.00000,0.00000,6.94411,5.96509,
142.70000,5.98214,0.05952,6.90046,0.00000,0.00000,0.00000,0.00000,6.95998,5.98214,
142.80000,5.99286,0.06023,6.91023,0.00000,0.00000,0.00000,0.00000,6.97047,5.99286,
142.53000,6.00036,0.05832,6.88366,0.00000,0.00000,0.00000,0.00000,6.94198,6.00036,
143.02000,6.00941,0.06184,6.93146,0.00000,0.00000,0.00000,0.00000,6.99330,6.00941,
143.35000,6.02536,0.06433,6.96256,0.00000,0.00000,0.00000,0.00000,7.02689,6.02536,
143.57000,6.05241,0.06605,6.98280,0.00000,0.00000,0.00000,0.00000,7.04884,6.05241,
143.71000,6.09168,0.06716,6.99546,0.00000,0.00000,0.00000,0.00000,7.06262,6.09168,
144.14000,6.14045,0.07069,7.03331,0.00000,0.00000,0.00000,0.00000,7.10400,6.14045,
144.09000,6.19323,0.07027,7.02899,0.00000,0.00000,0.00000,0.00000,7.09926,6.19323,
144.06000,6.24469,0.07002,7.02639,0.00000,0.00000,0.00000,0.00000,7.09641,6.24469,
143.71000,6.29295,0.06716,6.99546,0.00000,0.00000,0.00000,0.00000,7.06262,6.29295,
144.47000,6.34045,0.07352,7.06126,0.00000,0.00000,0.00000,0.00000,7.13478,6.34045,
144.65000,6.39123,0.07511,7.07609,0.00000,0.00000,0.00000,0.00000,7.15120,6.39123,
144.43000,6.44714,0.07317,7.05793,0.00000,0.00000,0.00000,0.00000,7.13109,6.44714,
144.62000,6.50554,0.07484,7.07364,0.00000,0.00000,0.00000,0.00000,7.14848,6.50554,
144.75000,6.55977,0.07600,7.08421,0.00000,0.00000,0.00000,0.00000,7.16021,6.55977,
144.83000,6.60300,0.07673,7.09063,0.00000,0.00000,0.00000,0.00000,7.16736,6.60300,
146.22000,6.63318,0.09043,7.19253,0.00000,0.00000,0.00000,0.00000,7.28296,6.63318,
146.15000,6.65450,0.08969,7.18785,0.00000,0.00000,0.00000,0.00000,7.27754,6.65450,
146.10000,6.67418,0.08916,7.18448,0.00000,0.00000,0.00000,0.00000,7.27364,6.67418,
146.07000,6.69750,0.08885,7.18244,0.00000,0.00000,0.00000,0.00000,7.27129,6.69750,
146.04000,6.72486,0.08853,7.18040,0.00000,0.00000,0.00000,0.00000,7.26893,6.72486,
145.70000,6.75323,0.08505,7.15661,0.00000,0.00000,0.00000,0.00000,7.24166,6.75323,
145.80000,6.78028,0.08606,7.16372,0.00000,0.00000,0.00000,0.00000,7.24978,6.78028,
145.86000,6.80750,0.08667,7.16794,0.00000,0.00000,0.00000,0.00000,7.25462,6.80750,
145.91000,6.84059,0.08719,7.17144,0.00000,0.00000,0.00000,0.00000,7.25862,6.84059,
146.27000,6.88660,0.09096,7.19584,0.00000,0.00000,0.00000,0.00000,7.28680,6.88660,
146.52000,6.94918,0.09368,7.21201,0.00000,0.00000,0.00000,0.00000,7.30569,6.94918,
146.68000,7.02568,0.09546,7.22203,0.00000,0.00000,0.00000,0.00000,7.31749,7.02568,
146.78000,7.10727,0.09659,7.22815,0.00000,0.00000,0.00000,0.00000,7.32474,7.10727,
146.86000,7.18155,0.09750,7.23297,0.00000,0.00000,0.00000,0.00000,7.33047,7.18155,
146.90000,7.23621,0.09796,7.23536,0.00000,0.00000,0.00000,0.00000,7.33332,7.23621,
146.94000,7.26245,0.09842,7.23773,0.00000,0.00000,0.00000,0.00000,7.33615,7.26245,
146.62000,7.25727,0.09479,7.21830,0.00000,0.00000,0.00000,0.00000,7.31309,7.25727,
147.08000,7.22604,0.10005,7.24589,0.00000,0.00000,0.00000,0.00000,7.34594,7.22604,
147.39000,7.18236,0.10375,7.26322,0.00000,0.00000,0.00000,0.00000,7.36697,7.18236,
147.59000,7.14373,0.10621,7.27385,0.00000,0.00000,0.00000,0.00000,7.38006,7.14373,
148.06000,7.12491,0.11221,7.29709,0.00000,0.00000,0.00000,0.00000,7.40930,7.12491,
148.04000,7.13227,0.11194,7.29616,0.00000,0.00000,0.00000,0.00000,7.40810,7.13227,
148.03000,7.16205,0.11181,7.29568,0.00000,0.00000,0.00000,0.00000,7.40750,7.16205,
148.02000,7.20359,0.11168,7.29521,0.00000,0.00000,0.00000,0.00000,7.40690,7.20359,
148.01000,7.24536,0.11155,7.29474,0.00000,0.00000,0.00000,0.00000,7.40629,7.24536,
148.67000,7.27986,0.12047,7.32356,0.00000,0.00000,0.00000,0.00000,7.44404,7.27986,
148.78000,7.30472,0.12203,7.32788,0.00000,0.00000,0.00000,0.00000,7.44991,7.30472,
148.86000,7.31950,0.12317,7.33094,0.00000,0.00000,0.00000,0.00000,7.45410,7.31950,
148.90000,7.32200,0.12374,7.33243,0.00000,0.00000,0.00000,0.00000,7.45617,7.32200,
148.60000,7.30854,0.11950,7.32074,0.00000,0.00000,0.00000,0.00000,7.44024,7.30854,
149.07000,7.27786,0.12621,7.33859,0.00000,0.00000,0.00000,0.00000,7.46480,7.27786,
149.05000,7.23477,0.12591,7.33789,0.00000,0.00000,0.00000,0.00000,7.46380,7.23477,
149.03000,7.19095,0.12562,7.33718,0.00000,0.00000,0.00000,0.00000,7.46280,7.19095,
149.35000,7.16160,0.13038,7.34800,0.00000,0.00000,0.00000,0.00000,7.47837,7.16160,
149.57000,7.15873,0.13374,7.35473,0.00000,0.00000,0.00000,0.00000,7.48847,7.15873,
150.05000,7.18559,0.14138,7.36739,0.00000,0.00000,0.00000,0.00000,7.50877,7.18559,
150.03000,7.23528,0.14105,7.36692,0.00000,0.00000,0.00000,0.00000,7.50797,7.23528,
150.02000,7.29432,0.14089,7.36668,0.00000,0.00000,0.00000,0.00000,7.50757,7.29432,
150.01000,7.34826,0.14073,7.36644,0.00000,0.00000,0.00000,0.00000,7.50717,7.34826,
150.01000,7.38554,0.14073,7.36644,0.00000,0.00000,0.00000,0.00000,7.50717,7.38554,
150.34000,7.39918,0.14619,7.37367,0.00000,0.00000,0.00000,0.00000,7.51987,7.39918,
150.56000,7.38818,0.14995,7.37774,0.00000,0.00000,0.00000,0.00000,7.52769,7.38818,
150.71000,7.35804,0.15256,7.38017,0.00000,0.00000,0.00000,0.00000,7.53274,7.35804,
150.80000,7.31969,0.15415,7.38149,0.00000,0.00000,0.00000,0.00000,7.53565,7.31969,
151.20000,7.28769,0.16141,7.38612,0.00000,0.00000,0.00000,0.00000,7.54753,7.28769,
151.14000,7.27764,0.16030,7.38556,0.00000,0.00000,0.00000,0.00000,7.54586,7.27764,
151.09000,7.30146,0.15938,7.38505,0.00000,0.00000,0.00000,0.00000,7.54443,7.30146,
150.73000,7.36160,0.15292,7.38047,0.00000,0.00000,0.00000,0.00000,7.53339,7.36160,
151.15000,7.44786,0.16049,7.38565,0.00000,0.00000,0.00000,0.00000,7.54614,7.44786,
151.43000,7.54009,0.16573,7.38785,0.00000,0.00000,0.00000,0.00000,7.55358,7.54009,
151.62000,7.61531,0.16938,7.38877,0.00000,0.00000,0.00000,0.00000,7.55815,7.61531,
151.75000,7.65554,0.17192,7.38913,0.00000,0.00000,0.00000,0.00000,7.56105,7.65554,
151.83000,7.65304,0.17350,7.38924,0.00000,0.00000,0.00000,0.00000,7.56274,7.65304,
151.89000,7.61259,0.17470,7.38927,0.00000,0.00000,0.00000,0.00000,7.56397,7.61259,
152.26000,7.54927,0.18225,7.38839,0.00000,0.00000,0.00000,0.00000,7.57065,7.54927,
152.17000,7.48214,0.18039,7.38877,0.00000,0.00000,0.00000,0.00000,7.56916,7.48214,
153.78000,7.42741,0.21667,7.36558,0.00000,0.00000,0.00000,0.00000,7.58225,7.42741,
153.52000,7.39446,0.21037,7.37171,0.00000,0.00000,0.00000,0.00000,7.58208,7.39446,
153.68000,7.38441,0.21423,7.36805,0.00000,0.00000,0.00000,0.00000,7.58227,7.38441,
153.45000,7.39082,0.20871,7.37320,0.00000,0.00000,0.00000,0.00000,7.58190,7.39082,
152.97000,7.40278,0.19762,7.38162,0.00000,0.00000,0.00000,0.00000,7.57925,7.40278,
153.31000,7.40977,0.20541,7.37598,0.00000,0.00000,0.00000,0.00000,7.58139,7.40977,
153.21000,7.40540,0.20309,7.37780,0.00000,0.00000,0.00000,0.00000,7.58089,7.40540,
153.47000,7.38759,0.20918,7.37278,0.00000,0.00000,0.00000,0.00000,7.58196,7.38759,
153.98000,7.35719,0.22163,7.36024,0.00000,0.00000,0.00000,0.00000,7.58187,7.35719,
153.99000,7.31809,0.22188,7.35996,0.00000,0.00000,0.00000,0.00000,7.58184,7.31809,
153.99000,7.27868,0.22188,7.35996,0.00000,0.00000,0.00000,0.00000,7.58184,7.27868,
153.99000,7.25224,0.22188,7.35996,0.00000,0.00000,0.00000,0.00000,7.58184,7.25224,
154.00000,7.25401,0.22214,7.35967,0.00000,0.00000,0.00000,0.00000,7.58181,7.25401,
154.00000,7.29450,0.22214,7.35967,0.00000,0.00000,0.00000,0.00000,7.58181,7.29450,
154.00000,7.37118,0.22214,7.35967,0.00000,0.00000,0.00000,0.00000,7.58181,7.37118,
154.33000,7.46382,0.23059,7.34955,0.00000,0.00000,0.00000,0.00000,7.58014,7.46382,
154.22000,7.53944,0.22774,7.35309,0.00000,0.00000,0.00000,0.00000,7.58083,7.53944,
154.81000,7.56694,0.24342,7.33213,0.00000,0.00000,0.00000,0.00000,7.57556,7.56694,
154.88000,7.53273,0.24535,7.32932,0.00000,0.00000,0.00000,0.00000,7.57468,7.53273,
155.25000,7.44818,0.25579,7.31333,0.00000,0.00000,0.00000,0.00000,7.56912,7.44818,
155.17000,7.34377,0.25350,7.31695,0.00000,0.00000,0.00000,0.00000,7.57045,7.34377,
155.11000,7.25264,0.25179,7.31961,0.00000,0.00000,0.00000,0.00000,7.57140,7.25264,
155.07000,7.19469,0.25066,7.32135,0.00000,0.00000,0.00000,0.00000,7.57201,7.19469,
155.38000,7.16955,0.25956,7.30725,0.00000,0.00000,0.00000,0.00000,7.56681,7.16955,
155.59000,7.16059,0.26575,7.29694,0.00000,0.00000,0.00000,0.00000,7.56269,7.16059,
156.06000,7.14691,0.28013,7.27158,0.00000,0.00000,0.00000,0.00000,7.55171,7.14691,
156.04000,7.11477,0.27951,7.27272,0.00000,0.00000,0.00000,0.00000,7.55223,7.11477,
156.03000,7.06208,0.27919,7.27329,0.00000,0.00000,0.00000,0.00000,7.55248,7.06208,
156.02000,6.99554,0.27888,7.27386,0.00000,0.00000,0.00000,0.00000,7.55274,6.99554,
156.01000,6.92373,0.27857,7.27442,0.00000,0.00000,0.00000,0.00000,7.55299,6.92373,
156.67000,6.85264,0.29991,7.23399,0.00000,0.00000,0.00000,0.00000,7.53389,6.85264,
156.78000,6.78604,0.30361,7.22664,0.00000,0.00000,0.00000,0.00000,7.53025,6.78604,
157.19000,6.72682,0.31780,7.19776,0.00000,0.00000,0.00000,0.00000,7.51556,6.72682,
156.79000,6.67719,0.30395,7.22597,0.00000,0.00000,0.00000,0.00000,7.52992,6.67719,
156.86000,6.63795,0.30633,7.22120,0.00000,0.00000,0.00000,0.00000,7.52753,6.63795,
156.91000,6.60677,0.30804,7.21774,0.00000,0.00000,0.00000,0.00000,7.52579,6.60677,
156.94000,6.57727,0.30908,7.21566,0.00000,0.00000,0.00000,0.00000,7.52473,6.57727,
156.63000,6.54155,0.29857,7.23661,0.00000,0.00000,0.00000,0.00000,7.53518,6.54155,
157.08000,6.49536,0.31393,7.20574,0.00000,0.00000,0.00000,0.00000,7.51968,6.49536,
157.39000,6.44264,0.32495,7.18280,0.00000,0.00000,0.00000,0.00000,7.50775,6.44264,
157.59000,6.39514,0.33226,7.16726,0.00000,0.00000,0.00000,0.00000,7.49952,6.39514,
157.73000,6.36719,0.33746,7.15605,0.00000,0.00000,0.00000,0.00000,7.49351,6.36719,
157.49000,6.36910,0.32859,7.17510,0.00000,0.00000,0.00000,0.00000,7.50369,6.36910,
157.66000,6.40227,0.33485,7.16169,0.00000,0.00000,0.00000,0.00000,7.49654,6.40227,
157.77000,6.45750,0.33896,7.15280,0.00000,0.00000,0.00000,0.00000,7.49176,6.45750,
157.85000,6.51714,0.34198,7.14622,0.00000,0.00000,0.00000,0.00000,7.48820,6.51714,
158.23000,6.56090,0.35669,7.11373,0.00000,0.00000,0.00000,0.00000,7.47042,6.56090,
158.49000,6.57304,0.36710,7.09032,0.00000,0.00000,0.00000,0.00000,7.45741,6.57304,
158.66000,6.54759,0.37405,7.07449,0.00000,0.00000,0.00000,0.00000,7.44854,6.54759,
158.77000,6.48972,0.37862,7.06403,0.00000,0.00000,0.00000,0.00000,7.44265,6.48972,
158.85000,6.41259,0.38198,7.05632,0.00000,0.00000,0.00000,0.00000,7.43830,6.41259,
158.90000,6.33168,0.38409,7.05145,0.00000,0.00000,0.00000,0.00000,7.43554,6.33168,
158.93000,6.25918,0.38536,7.04851,0.00000,0.00000,0.00000,0.00000,7.43387,6.25918,
158.96000,6.20059,0.38664,7.04556,0.00000,0.00000,0.00000,0.00000,7.43220,6.20059,
159.30000,6.15491,0.40139,7.01124,0.00000,0.00000,0.00000,0.00000,7.41263,6.15491,
159.54000,6.11778,0.41212,6.98603,0.00000,0.00000,0.00000,0.00000,7.39815,6.11778,
159.69000,6.08523,0.41897,6.96986,0.00000,0.00000,0.00000,0.00000,7.38883,6.08523,
159.79000,6.05486,0.42359,6.95891,0.00000,0.00000,0.00000,0.00000,7.38250,6.05486,
159.53000,6.02477,0.41167,6.98709,0.00000,0.00000,0.00000,0.00000,7.39876,6.02477,
159.69000,5.99286,0.41897,6.96986,0.00000,0.00000,0.00000,0.00000,7.38883,5.99286,
160.12000,5.95773,0.43919,6.92178,0.00000,0.00000,0.00000,0.00000,7.36097,5.95773,
160.42000,5.92036,0.45385,6.88671,0.00000,0.00000,0.00000,0.00000,7.34056,5.92036,
160.61000,5.88528,0.46337,6.86385,0.00000,0.00000,0.00000,0.00000,7.32722,5.88528,
160.74000,5.85955,0.46999,6.84793,0.00000,0.00000,0.00000,0.00000,7.31792,5.85955,
160.83000,5.84964,0.47463,6.83677,0.00000,0.00000,0.00000,0.00000,7.31140,5.84964,
160.88000,5.85691,0.47722,6.83053,0.00000,0.00000,0.00000,0.00000,7.30775,5.85691,
160.92000,5.87514,0.47931,6.82550,0.00000,0.00000,0.00000,0.00000,7.30481,5.87514,
160.95000,5.89273,0.48088,6.82172,0.00000,0.00000,0.00000,0.00000,7.30260,5.89273,
160.97000,5.89745,0.48193,6.81920,0.00000,0.00000,0.00000,0.00000,7.30112,5.89745,
161.31000,5.88031,0.50010,6.77540,0.00000,0.00000,0.00000,0.00000,7.27550,5.88031,
161.54000,5.83736,0.51276,6.74488,0.00000,0.00000,0.00000,0.00000,7.25764,5.83736,
161.69000,5.76936,0.52117,6.72460,0.00000,0.00000,0.00000,0.00000,7.24578,5.76936,
161.80000,5.68054,0.52743,6.70954,0.00000,0.00000,0.00000,0.00000,7.23697,5.68054,
161.86000,5.57800,0.53087,6.70125,0.00000,0.00000,0.00000,0.00000,7.23213,5.57800,
161.91000,5.47196,0.53376,6.69431,0.00000,0.00000,0.00000,0.00000,7.22807,5.47196,
161.94000,5.37523,0.53549,6.69013,0.00000,0.00000,0.00000,0.00000,7.22563,5.37523,
161.63000,5.30014,0.51779,6.73275,0.00000,0.00000,0.00000,0.00000,7.25054,5.30014,
162.08000,5.25415,0.54367,6.67047,0.00000,0.00000,0.00000,0.00000,7.21414,5.25415,
162.06000,5.23741,0.54250,6.67329,0.00000,0.00000,0.00000,0.00000,7.21579,5.23741,
162.37000,5.24354,0.56100,6.62892,0.00000,0.00000,0.00000,0.00000,7.18992,5.24354,
162.25000,5.26292,0.55377,6.64625,0.00000,0.00000,0.00000,0.00000,7.20001,5.26292,
162.50000,5.28733,0.56893,6.60994,0.00000,0.00000,0.00000,0.00000,7.17887,5.28733,
162.67000,5.31304,0.57947,6.58478,0.00000,0.00000,0.00000,0.00000,7.16425,5.31304,
162.78000,5.33972,0.58638,6.56831,0.00000,0.00000,0.00000,0.00000,7.15469,5.33972,
163.18000,5.36696,0.61219,6.50711,0.00000,0.00000,0.00000,0.00000,7.11929,5.36696,
163.79000,5.39286,0.65361,6.40991,0.00000,0.00000,0.00000,0.00000,7.06352,5.39286,
163.86000,5.41517,0.65853,6.39846,0.00000,0.00000,0.00000,0.00000,7.05699,5.41517,
163.91000,5.43214,0.66206,6.39025,0.00000,0.00000,0.00000,0.00000,7.05231,5.43214,
163.60000,5.44241,0.64043,6.44068,0.00000,0.00000,0.00000,0.00000,7.08111,5.44241,
163.40000,5.44509,0.62683,6.47258,0.00000,0.00000,0.00000,0.00000,7.09942,5.44509,
163.27000,5.43995,0.61814,6.49306,0.00000,0.00000,0.00000,0.00000,7.11119,5.43995,
163.51000,5.42764,0.63428,6.45510,0.00000,0.00000,0.00000,0.00000,7.08937,5.42764,
164.34000,5.40955,0.69321,6.31838,0.00000,0.00000,0.00000,0.00000,7.01159,5.40955,
164.56000,5.38781,0.70967,6.28076,0.00000,0.00000,0.00000,0.00000,6.99043,5.38781,
164.71000,5.36523,0.72110,6.25479,0.00000,0.00000,0.00000,0.00000,6.97589,5.36523,
164.80000,5.34373,0.72804,6.23908,0.00000,0.00000,0.00000,0.00000,6.96712,5.34373,
164.87000,5.32259,0.73349,6.22679,0.00000,0.00000,0.00000,0.00000,6.96028,5.32259,
164.91000,5.29877,0.73662,6.21975,0.00000,0.00000,0.00000,0.00000,6.95637,5.29877,
164.94000,5.26946,0.73897,6.21445,0.00000,0.00000,0.00000,0.00000,6.95342,5.26946,
164.96000,5.23477,0.74054,6.21092,0.00000,0.00000,0.00000,0.00000,6.95146,5.23477,
164.97000,5.19863,0.74133,6.20915,0.00000,0.00000,0.00000,0.00000,6.95048,5.19863,
165.32000,5.16719,0.76941,6.14650,0.00000,0.00000,0.00000,0.00000,6.91591,5.16719,
165.21000,5.14651,0.76048,6.16634,0.00000,0.00000,0.00000,0.00000,6.92682,5.14651,
165.14000,5.14104,0.75485,6.17889,0.00000,0.00000,0.00000,0.00000,6.93374,5.14104,
165.43000,5.15214,0.77843,6.12653,0.00000,0.00000,0.00000,0.00000,6.90497,5.15214,
165.62000,5.17674,0.79426,6.09173,0.00000,0.00000,0.00000,0.00000,6.88599,5.17674,
165.75000,5.20809,0.80526,6.06768,0.00000,0.00000,0.00000,0.00000,6.87295,5.20809,
166.16000,5.23767,0.84091,5.99068,0.00000,0.00000,0.00000,0.00000,6.83159,5.23767,
166.44000,5.25714,0.86609,5.93708,0.00000,0.00000,0.00000,0.00000,6.80318,5.25714,
166.63000,5.26036,0.88358,5.90026,0.00000,0.00000,0.00000,0.00000,6.78384,5.26036,
167.09000,5.24604,0.92730,5.80963,0.00000,0.00000,0.00000,0.00000,6.73694,5.24604,
167.06000,5.22000,0.92439,5.81561,0.00000,0.00000,0.00000,0.00000,6.74000,5.22000,
167.37000,5.19469,0.95490,5.75347,0.00000,0.00000,0.00000,0.00000,6.70837,5.19469,
167.25000,5.18418,0.94298,5.77763,0.00000,0.00000,0.00000,0.00000,6.72061,5.18418,
167.17000,5.19786,0.93511,5.79366,0.00000,0.00000,0.00000,0.00000,6.72878,5.19786,
167.44000,5.23660,0.96191,5.73932,0.00000,0.00000,0.00000,0.00000,6.70124,5.23660,
167.30000,5.29227,0.94793,5.76758,0.00000,0.00000,0.00000,0.00000,6.71551,5.29227,
167.53000,5.35127,0.97101,5.72106,0.00000,0.00000,0.00000,0.00000,6.69206,5.35127,
167.69000,5.40000,0.98737,5.68841,0.00000,0.00000,0.00000,0.00000,6.67578,5.40000,
167.46000,5.43000,0.96393,5.73527,0.00000,0.00000,0.00000,0.00000,6.69920,5.43000,
167.97000,5.44054,1.01662,5.63072,0.00000,0.00000,0.00000,0.00000,6.64734,5.44054,
168.31000,5.43663,1.05323,5.55976,0.00000,0.00000,0.00000,0.00000,6.61299,5.43663,
168.21000,5.42441,1.04234,5.58073,0.00000,0.00000,0.00000,0.00000,6.62307,5.42441,
168.47000,5.40845,1.07088,5.52603,0.00000,0.00000,0.00000,0.00000,6.59691,5.40845,
168.65000,5.39191,1.09106,5.48783,0.00000,0.00000,0.00000,0.00000,6.57889,5.39191,
168.77000,5.37786,1.10471,5.46223,0.00000,0.00000,0.00000,0.00000,6.56694,5.37786,
168.51000,5.37087,1.07533,5.51756,0.00000,0.00000,0.00000,0.00000,6.59290,5.37087,
168.67000,5.37696,1.09333,5.48357,0.00000,0.00000,0.00000,0.00000,6.57690,5.37696,
169.12000,5.40264,1.14544,5.38691,0.00000,0.00000,0.00000,0.00000,6.53234,5.40264,
169.08000,5.45264,1.14071,5.39556,0.00000,0.00000,0.00000,0.00000,6.53627,5.45264,
169.38000,5.52623,1.17658,5.33036,0.00000,0.00000,0.00000,0.00000,6.50695,5.52623,
169.59000,5.61523,1.20231,5.28434,0.00000,0.00000,0.00000,0.00000,6.48665,5.61523,
170.06000,5.70531,1.26179,5.18025,0.00000,0.00000,0.00000,0.00000,6.44204,5.70531,
170.04000,5.77986,1.25921,5.18471,0.00000,0.00000,0.00000,0.00000,6.44392,5.77986,
170.03000,5.82604,1.25792,5.18694,0.00000,0.00000,0.00000,0.00000,6.44485,5.82604,
170.02000,5.84068,1.25663,5.18916,0.00000,0.00000,0.00000,0.00000,6.44579,5.84068,
170.01000,5.83214,1.25534,5.19139,0.00000,0.00000,0.00000,0.00000,6.44673,5.83214,
170.01000,5.81727,1.25534,5.19139,0.00000,0.00000,0.00000,0.00000,6.44673,5.81727,
170.34000,5.81418,1.29851,5.11756,0.00000,0.00000,0.00000,0.00000,6.41607,5.81418,
170.23000,5.83455,1.28397,5.14225,0.00000,0.00000,0.00000,0.00000,6.42621,5.83455,
170.48000,5.88064,1.31723,5.08604,0.00000,0.00000,0.00000,0.00000,6.40327,5.88064,
170.66000,5.94719,1.34167,5.04534,0.00000,0.00000,0.00000,0.00000,6.38701,5.94719,
170.44000,6.02559,1.31186,5.09506,0.00000,0.00000,0.00000,0.00000,6.40691,6.02559,
170.62000,6.10773,1.33621,5.05440,0.00000,0.00000,0.00000,0.00000,6.39061,6.10773,
170.75000,6.18655,1.35405,5.02492,0.00000,0.00000,0.00000,0.00000,6.37897,6.18655,
171.17000,6.25531,1.41321,4.92906,0.00000,0.00000,0.00000,0.00000,6.34227,6.25531,
171.11000,6.30818,1.40461,4.94281,0.00000,0.00000,0.00000,0.00000,6.34742,6.30818,
171.41000,6.34191,1.44807,4.87388,0.00000,0.00000,0.00000,0.00000,6.32194,6.34191,
171.60000,6.35795,1.47622,4.83000,0.00000,0.00000,0.00000,0.00000,6.30622,6.35795,
171.74000,6.36259,1.49729,4.79756,0.00000,0.00000,0.00000,0.00000,6.29485,6.36259,
171.82000,6.36382,1.50945,4.77898,0.00000,0.00000,0.00000,0.00000,6.28844,6.36382,
171.88000,6.36786,1.51863,4.76504,0.00000,0.00000,0.00000,0.00000,6.28367,6.36786,
171.59000,6.37823,1.47473,4.83231,0.00000,0.00000,0.00000,0.00000,6.30704,6.37823,
171.73000,6.39719,1.49578,4.79988,0.00000,0.00000,0.00000,0.00000,6.29565,6.39719,
172.15000,6.42800,1.56058,4.70209,0.00000,0.00000,0.00000,0.00000,6.26267,6.42800,
172.43000,6.47514,1.60519,4.63652,0.00000,0.00000,0.00000,0.00000,6.24171,6.47514,
172.62000,6.54109,1.63613,4.59186,0.00000,0.00000,0.00000,0.00000,6.22799,6.54109,
172.75000,6.62200,1.65761,4.56125,0.00000,0.00000,0.00000,0.00000,6.21885,6.62200,
172.83000,6.70568,1.67095,4.54238,0.00000,0.00000,0.00000,0.00000,6.21333,6.70568,
172.89000,6.77500,1.68102,4.52821,0.00000,0.00000,0.00000,0.00000,6.20924,6.77500,
172.59000,6.81531,1.63121,4.59892,0.00000,0.00000,0.00000,0.00000,6.23013,6.81531,
173.06000,6.82135,1.70986,4.48803,0.00000,0.00000,0.00000,0.00000,6.19789,6.82135,
173.04000,6.79977,1.70645,4.49276,0.00000,0.00000,0.00000,0.00000,6.19921,6.79977,
173.36000,6.76682,1.76185,4.41693,0.00000,0.00000,0.00000,0.00000,6.17879,6.76682,
172.91000,6.74236,1.68439,4.52349,0.00000,0.00000,0.00000,0.00000,6.20789,6.74236,
172.94000,6.74205,1.68946,4.51640,0.00000,0.00000,0.00000,0.00000,6.20586,6.74205,
173.63000,6.77188,1.80987,4.35277,0.00000,0.00000,0.00000,0.00000,6.16264,6.77188,
173.75000,6.82764,1.83159,4.32421,0.00000,0.00000,0.00000,0.00000,6.15579,6.82764,
173.17000,6.89781,1.72876,4.46199,0.00000,0.00000,0.00000,0.00000,6.19075,6.89781,
173.78000,6.96750,1.83705,4.31706,0.00000,0.00000,0.00000,0.00000,6.15412,6.96750,
174.19000,7.02250,1.91325,4.21928,0.00000,0.00000,0.00000,0.00000,6.13253,7.02250,
174.46000,7.05253,1.96497,4.15477,0.00000,0.00000,0.00000,0.00000,6.11974,7.05253,
174.64000,7.05363,2.00014,4.11173,0.00000,0.00000,0.00000,0.00000,6.11187,7.05363,
174.43000,7.03005,1.95916,4.16194,0.00000,0.00000,0.00000,0.00000,6.12110,7.03005,
174.62000,6.99491,1.99621,4.11651,0.00000,0.00000,0.00000,0.00000,6.11272,6.99491,
174.74000,6.96795,2.01993,4.08781,0.00000,0.00000,0.00000,0.00000,6.10774,6.96795,
174.83000,6.96887,2.03789,4.06627,0.00000,0.00000,0.00000,0.00000,6.10416,6.96887,
175.55000,7.00842,2.18678,3.89398,0.00000,0.00000,0.00000,0.00000,6.08076,7.00842,
175.70000,7.08295,2.21900,3.85811,0.00000,0.00000,0.00000,0.00000,6.07710,7.08295,
175.80000,7.17582,2.24071,3.83420,0.00000,0.00000,0.00000,0.00000,6.07491,7.17582,
175.53000,7.26469,2.18252,3.89877,0.00000,0.00000,0.00000,0.00000,6.08128,7.26469,
175.36000,7.33200,2.14657,3.93944,0.00000,0.00000,0.00000,0.00000,6.08601,7.33200,
175.90000,7.37304,2.26261,3.81030,0.00000,0.00000,0.00000,0.00000,6.07291,7.37304,
175.94000,7.39595,2.27142,3.80075,0.00000,0.00000,0.00000,0.00000,6.07217,7.39595,
176.29000,7.41427,2.34984,3.71721,0.00000,0.00000,0.00000,0.00000,6.06706,7.41427,
176.19000,7.43759,2.32720,3.74106,0.00000,0.00000,0.00000,0.00000,6.06826,7.43759,
176.46000,7.46705,2.38879,3.67670,0.00000,0.00000,0.00000,0.00000,6.06550,7.46705,
176.64000,7.49800,2.43066,3.63386,0.00000,0.00000,0.00000,0.00000,6.06452,7.49800,
176.76000,7.52582,2.45893,3.60534,0.00000,0.00000,0.00000,0.00000,6.06426,7.52582,
176.84000,7.54964,2.47793,3.58634,0.00000,0.00000,0.00000,0.00000,6.06427,7.54964,
176.89000,7.57264,2.48987,3.57447,0.00000,0.00000,0.00000,0.00000,6.06435,7.57264,
176.93000,7.59941,2.49947,3.56498,0.00000,0.00000,0.00000,0.00000,6.06445,7.59941,
177.29000,7.63236,2.58727,3.47975,0.00000,0.00000,0.00000,0.00000,6.06701,7.63236,
176.86000,7.67000,2.48270,3.58159,0.00000,0.00000,0.00000,0.00000,6.06429,7.67000,
176.90000,7.70764,2.49227,3.57210,0.00000,0.00000,0.00000,0.00000,6.06437,7.70764,
177.60000,7.74059,2.66502,3.40663,0.00000,0.00000,0.00000,0.00000,6.07166,7.74059,
177.74000,7.76736,2.70081,3.37371,0.00000,0.00000,0.00000,0.00000,6.07452,7.76736,
177.49000,7.78927,2.63720,3.43255,0.00000,0.00000,0.00000,0.00000,6.06975,7.78927,
177.66000,7.80809,2.68031,3.39252,0.00000,0.00000,0.00000,0.00000,6.07283,7.80809,
177.77000,7.82514,2.70853,3.36667,0.00000,0.00000,0.00000,0.00000,6.07519,7.82514,
178.18000,7.84118,2.81600,3.27068,0.00000,0.00000,0.00000,0.00000,6.08668,7.84118,
178.45000,7.85554,2.88878,3.20782,0.00000,0.00000,0.00000,0.00000,6.09660,7.85554,
178.30000,7.86573,2.84815,3.24271,0.00000,0.00000,0.00000,0.00000,6.09085,7.86573,
178.54000,7.86946,2.91340,3.18693,0.00000,0.00000,0.00000,0.00000,6.10033,7.86946,
178.69000,7.86818,2.95483,3.15219,0.00000,0.00000,0.00000,0.00000,6.10702,7.86818,
178.79000,7.86832,2.98274,3.12909,0.00000,0.00000,0.00000,0.00000,6.11182,7.86832,
178.86000,7.87915,3.00240,3.11294,0.00000,0.00000,0.00000,0.00000,6.11535,7.87915,
178.91000,7.90969,3.01652,3.10143,0.00000,0.00000,0.00000,0.00000,6.11794,7.90969,
179.27000,7.96531,3.11985,3.01885,0.00000,0.00000,0.00000,0.00000,6.13869,7.96531,
179.51000,8.04432,3.19040,2.96416,0.00000,0.00000,0.00000,0.00000,6.15456,8.04432,
179.68000,8.13769,3.24119,2.92560,0.00000,0.00000,0.00000,0.00000,6.16680,8.13769,
179.78000,8.23354,3.27139,2.90300,0.00000,0.00000,0.00000,0.00000,6.17439,8.23354,
179.86000,8.32208,3.29572,2.88495,0.00000,0.00000,0.00000,0.00000,6.18068,8.32208,
179.24000,8.39677,3.11112,3.02570,0.00000,0.00000,0.00000,0.00000,6.13683,8.39677,
179.49000,8.45295,3.18447,2.96870,0.00000,0.00000,0.00000,0.00000,6.15317,8.45295,
179.66000,8.48708,3.23518,2.93013,0.00000,0.00000,0.00000,0.00000,6.16531,8.48708,
180.11000,8.49745,3.37274,2.82881,0.00000,0.00000,0.00000,0.00000,6.20155,8.49745,
180.07000,8.48559,3.36032,2.83777,0.00000,0.00000,0.00000,0.00000,6.19809,8.48559,
180.38000,8.45764,3.45762,2.76859,0.00000,0.00000,0.00000,0.00000,6.22622,8.45764,
180.25000,8.42500,3.41653,2.79753,0.00000,0.00000,0.00000,0.00000,6.21406,8.42500,
180.50000,8.40191,3.49592,2.74197,0.00000,0.00000,0.00000,0.00000,6.23789,8.40191,
180.67000,8.39932,3.55078,2.70442,0.00000,0.00000,0.00000,0.00000,6.25520,8.39932,
180.45000,8.42064,3.47992,2.75305,0.00000,0.00000,0.00000,0.00000,6.23297,8.42064,
180.96000,8.46314,3.64603,2.64080,0.00000,0.00000,0.00000,0.00000,6.28683,8.46314,
181.31000,8.52168,3.76379,2.56479,0.00000,0.00000,0.00000,0.00000,6.32858,8.52168,
181.87000,8.59082,3.95872,2.44501,0.00000,0.00000,0.00000,0.00000,6.40373,8.59082,
181.58000,8.66514,3.85677,2.50675,0.00000,0.00000,0.00000,0.00000,6.36352,8.66514,
181.72000,8.73882,3.90571,2.47687,0.00000,0.00000,0.00000,0.00000,6.38258,8.73882,
182.15000,8.80467,4.05923,2.38602,0.00000,0.00000,0.00000,0.00000,6.44524,8.80467,
182.10000,8.85290,4.04113,2.39651,0.00000,0.00000,0.00000,0.00000,6.43764,8.85290,
182.40000,8.87264,4.15070,2.33387,0.00000,0.00000,0.00000,0.00000,6.48457,8.87264,
182.60000,8.85795,4.22507,2.29251,0.00000,0.00000,0.00000,0.00000,6.51758,8.85795,
182.73000,8.81312,4.27398,2.26580,0.00000,0.00000,0.00000,0.00000,6.53979,8.81312,
182.82000,8.75191,4.30811,2.24740,0.00000,0.00000,0.00000,0.00000,6.55551,8.75191,
182.88000,8.69283,4.33098,2.23517,0.00000,0.00000,0.00000,0.00000,6.56615,8.69283,
182.92000,8.65542,4.34628,2.22703,0.00000,0.00000,0.00000,0.00000,6.57331,8.65542,
182.95000,8.65682,4.35778,2.22094,0.00000,0.00000,0.00000,0.00000,6.57872,8.65682,
182.96000,8.70674,4.36162,2.21891,0.00000,0.00000,0.00000,0.00000,6.58053,8.70674,
182.98000,8.80342,4.36931,2.21485,0.00000,0.00000,0.00000,0.00000,6.58416,8.80342,
183.32000,8.93432,4.50165,2.14641,0.00000,0.00000,0.00000,0.00000,6.64806,8.93432,
183.55000,9.07922,4.59294,2.10070,0.00000,0.00000,0.00000,0.00000,6.69364,9.07922,
183.70000,9.21385,4.65325,2.07113,0.00000,0.00000,0.00000,0.00000,6.72439,9.21385,
183.80000,9.31464,4.69380,2.05154,0.00000,0.00000,0.00000,0.00000,6.74535,9.31464,
184.20000,9.36467,4.85873,1.97409,0.00000,0.00000,0.00000,0.00000,6.83282,9.36467,
184.13000,9.35889,4.82955,1.98754,0.00000,0.00000,0.00000,0.00000,6.81709,9.35889,
184.09000,9.30427,4.81294,1.99524,0.00000,0.00000,0.00000,0.00000,6.80818,9.30427,
184.73000,9.21573,5.08403,1.87379,0.00000,0.00000,0.00000,0.00000,6.95782,9.21573,
184.82000,9.11158,5.12305,1.85703,0.00000,0.00000,0.00000,0.00000,6.98008,9.11158,
184.88000,9.00955,5.14920,1.84590,0.00000,0.00000,0.00000,0.00000,6.99509,9.00955,
184.92000,8.92334,5.16668,1.83850,0.00000,0.00000,0.00000,0.00000,7.00518,8.92334,
184.95000,8.86118,5.17982,1.83296,0.00000,0.00000,0.00000,0.00000,7.01278,8.86118,
185.30000,8.82559,5.33496,1.76897,0.00000,0.00000,0.00000,0.00000,7.10394,8.82559,
184.86000,8.81356,5.14047,1.84960,0.00000,0.00000,0.00000,0.00000,6.99008,8.81356,
184.91000,8.81859,5.16230,1.84035,0.00000,0.00000,0.00000,0.00000,7.00265,8.81859,
185.27000,8.83340,5.32153,1.77441,0.00000,0.00000,0.00000,0.00000,7.09594,8.83340,
185.18000,8.85109,5.28139,1.79077,0.00000,0.00000,0.00000,0.00000,7.07216,8.85109,
185.45000,8.86573,5.40249,1.74193,0.00000,0.00000,0.00000,0.00000,7.14441,8.86573,
185.30000,8.87354,5.33496,1.76897,0.00000,0.00000,0.00000,0.00000,7.10394,8.87354,
185.54000,8.87405,5.44330,1.72581,0.00000,0.00000,0.00000,0.00000,7.16910,8.87405,
186.02000,8.87000,5.66472,1.64123,0.00000,0.00000,0.00000,0.00000,7.30595,8.87000,
185.68000,8.86595,5.50723,1.70089,0.00000,0.00000,0.00000,0.00000,7.20812,8.86595,
186.12000,8.86646,5.71165,1.62390,0.00000,0.00000,0.00000,0.00000,7.33555,8.86646,
186.08000,8.87500,5.69284,1.63082,0.00000,0.00000,0.00000,0.00000,7.32366,8.87500,
186.05000,8.89273,5.67877,1.63602,0.00000,0.00000,0.00000,0.00000,7.31479,8.89273,
186.37000,8.91741,5.83015,1.58105,0.00000,0.00000,0.00000,0.00000,7.41121,8.91741,
186.58000,8.94550,5.93101,1.54556,0.00000,0.00000,0.00000,0.00000,7.47657,8.94550,
186.72000,8.97559,5.99892,1.52216,0.00000,0.00000,0.00000,0.00000,7.52107,8.97559,
186.81000,9.00977,6.04285,1.50722,0.00000,0.00000,0.00000,0.00000,7.55007,9.00977,
186.88000,9.05205,6.07717,1.49566,0.00000,0.00000,0.00000,0.00000,7.57283,9.05205,
187.25000,9.10500,6.26075,1.43544,0.00000,0.00000,0.00000,0.00000,7.69619,9.10500,
187.50000,9.16677,6.38685,1.39557,0.00000,0.00000,0.00000,0.00000,7.78242,9.16677,
187.67000,9.22950,6.47353,1.36885,0.00000,0.00000,0.00000,0.00000,7.84238,9.22950,
187.44000,9.28031,6.35644,1.40508,0.00000,0.00000,0.00000,0.00000,7.76151,9.28031,
187.63000,9.30568,6.45307,1.37511,0.00000,0.00000,0.00000,0.00000,7.82817,9.30568,
187.42000,9.29686,6.34632,1.40826,0.00000,0.00000,0.00000,0.00000,7.75457,9.29686,
187.28000,9.25290,6.27580,1.43062,0.00000,0.00000,0.00000,0.00000,7.70641,9.25290,
187.52000,9.18045,6.39701,1.39241,0.00000,0.00000,0.00000,0.00000,7.78942,9.18045,
188.35000,9.09146,6.82769,1.26508,0.00000,0.00000,0.00000,0.00000,8.09277,9.09146,
188.56000,9.00023,6.93942,1.23404,0.00000,0.00000,0.00000,0.00000,8.17347,9.00023,
188.71000,8.92073,7.01989,1.21217,0.00000,0.00000,0.00000,0.00000,8.23206,8.92073,
188.47000,8.86415,6.89141,1.24729,0.00000,0.00000,0.00000,0.00000,8.13869,8.86415,
188.65000,8.83755,6.98764,1.22089,0.00000,0.00000,0.00000,0.00000,8.20853,8.83755,
189.10000,8.84309,7.23164,1.15646,0.00000,0.00000,0.00000,0.00000,8.38810,8.84309,
189.07000,8.87623,7.21523,1.16068,0.00000,0.00000,0.00000,0.00000,8.37591,8.87623,
189.38000,8.92514,7.38587,1.11748,0.00000,0.00000,0.00000,0.00000,8.50335,8.92514,
189.25000,8.97340,7.31404,1.13547,0.00000,0.00000,0.00000,0.00000,8.44951,8.97340,
189.83000,9.00472,7.63743,1.05663,0.00000,0.00000,0.00000,0.00000,8.69406,9.00472,
189.89000,9.00832,7.67131,1.04868,0.00000,0.00000,0.00000,0.00000,8.71999,9.00832,
189.59000,8.98368,7.50271,1.08881,0.00000,0.00000,0.00000,0.00000,8.59152,8.98368,
190.06000,8.94118,7.76771,1.02638,0.00000,0.00000,0.00000,0.00000,8.79408,8.94118,
190.04000,8.89773,7.75633,1.02898,0.00000,0.00000,0.00000,0.00000,8.78532,8.89773,
190.03000,8.86969,7.75065,1.03029,0.00000,0.00000,0.00000,0.00000,8.78094,8.86969,
190.35000,8.86564,7.93352,0.98906,0.00000,0.00000,0.00000,0.00000,8.92258,8.86564,
190.57000,8.88354,8.06043,0.96135,0.00000,0.00000,0.00000,0.00000,9.02178,8.88354,
190.71000,8.91359,8.14166,0.94399,0.00000,0.00000,0.00000,0.00000,9.08566,8.91359,
190.81000,8.94424,8.19992,0.93173,0.00000,0.00000,0.00000,0.00000,9.13164,8.94424,
190.87000,8.96877,8.23495,0.92442,0.00000,0.00000,0.00000,0.00000,9.15937,8.96877,
190.91000,8.98854,8.25835,0.91956,0.00000,0.00000,0.00000,0.00000,9.17791,8.98854,
190.94000,9.01056,8.27591,0.91594,0.00000,0.00000,0.00000,0.00000,9.19185,9.01056,
190.96000,9.04323,8.28763,0.91352,0.00000,0.00000,0.00000,0.00000,9.20115,9.04323,
191.31000,9.09295,8.49381,0.87199,0.00000,0.00000,0.00000,0.00000,9.36580,9.09295,
191.54000,9.16101,8.63038,0.84541,0.00000,0.00000,0.00000,0.00000,9.47579,9.16101,
191.36000,9.24300,8.52343,0.86617,0.00000,0.00000,0.00000,0.00000,9.38959,9.24300,
191.57000,9.32995,8.64825,0.84198,0.00000,0.00000,0.00000,0.00000,9.49024,9.32995,
192.05000,9.40899,8.93596,0.78847,0.00000,0.00000,0.00000,0.00000,9.72443,9.40899,
192.03000,9.46604,8.92391,0.79065,0.00000,0.00000,0.00000,0.00000,9.71456,9.46604,
191.69000,9.49155,8.71988,0.82838,0.00000,0.00000,0.00000,0.00000,9.54825,9.49155,
192.13000,9.48714,8.98421,0.77978,0.00000,0.00000,0.00000,0.00000,9.76399,9.48714,
192.42000,9.46795,9.15974,0.74886,0.00000,0.00000,0.00000,0.00000,9.90860,9.46795,
192.61000,9.45682,9.27523,0.72907,0.00000,0.00000,0.00000,0.00000,10.00430,9.45682,
192.74000,9.47255,9.35445,0.71575,0.00000,0.00000,0.00000,0.00000,10.07020,9.47255,
192.49000,9.51972,9.20225,0.74153,0.00000,0.00000,0.00000,0.00000,9.94377,9.51972,
192.66000,9.58545,9.30568,0.72393,0.00000,0.00000,0.00000,0.00000,10.02961,9.58545,
192.78000,9.64564,9.37886,0.71168,0.00000,0.00000,0.00000,0.00000,10.09054,9.64564,
192.85000,9.67927,9.42160,0.70461,0.00000,0.00000,0.00000,0.00000,10.12621,9.67927,
193.23000,9.68149,9.65427,0.66707,0.00000,0.00000,0.00000,0.00000,10.32134,9.68149,
193.49000,9.66573,9.81395,0.64222,0.00000,0.00000,0.00000,0.00000,10.45618,9.66573,
193.66000,9.65382,9.91851,0.62634,0.00000,0.00000,0.00000,0.00000,10.54485,9.65382,
193.77000,9.66236,9.98622,0.61622,0.00000,0.00000,0.00000,0.00000,10.60243,9.66236,
193.52000,9.69396,9.83240,0.63940,0.00000,0.00000,0.00000,0.00000,10.47180,9.69396,
193.68000,9.73800,9.93082,0.62449,0.00000,0.00000,0.00000,0.00000,10.55531,9.73800,
193.45000,9.77927,9.78937,0.64600,0.00000,0.00000,0.00000,0.00000,10.43537,9.77927,
193.63000,9.80750,9.90005,0.62912,0.00000,0.00000,0.00000,0.00000,10.52918,9.80750,
194.09000,9.82214,10.18327,0.58744,0.00000,0.00000,0.00000,0.00000,10.77070,9.82214,
194.39000,9.83045,10.36797,0.56135,0.00000,0.00000,0.00000,0.00000,10.92932,9.83045,
194.60000,9.84168,10.49713,0.54361,0.00000,0.00000,0.00000,0.00000,11.04074,9.84168,
194.73000,9.86241,10.57699,0.53283,0.00000,0.00000,0.00000,0.00000,11.10982,9.86241,
194.49000,9.89573,10.42949,0.55285,0.00000,0.00000,0.00000,0.00000,10.98234,9.89573,
194.66000,9.94205,10.53400,0.53861,0.00000,0.00000,0.00000,0.00000,11.07261,9.94205,
194.77000,10.00014,10.60155,0.52955,0.00000,0.00000,0.00000,0.00000,11.13109,10.00014,
195.18000,10.06786,10.85260,0.49674,0.00000,0.00000,0.00000,0.00000,11.34934,10.06786,
195.45000,10.14155,11.01710,0.47597,0.00000,0.00000,0.00000,0.00000,11.49307,10.14155,
195.64000,10.21582,11.13235,0.46175,0.00000,0.00000,0.00000,0.00000,11.59410,10.21582,
195.76000,10.28609,11.20489,0.45294,0.00000,0.00000,0.00000,0.00000,11.65783,10.28609,
195.84000,10.35146,11.25313,0.44713,0.00000,0.00000,0.00000,0.00000,11.70026,10.35146,
195.89000,10.41495,11.28323,0.44353,0.00000,0.00000,0.00000,0.00000,11.72676,10.41495,
195.59000,10.48082,11.10206,0.46547,0.00000,0.00000,0.00000,0.00000,11.56753,10.48082,
195.73000,10.55151,11.18677,0.45513,0.00000,0.00000,0.00000,0.00000,11.64190,10.55151,
196.15000,10.62750,11.43907,0.42516,0.00000,0.00000,0.00000,0.00000,11.86423,10.62750,
196.44000,10.70863,11.61139,0.40536,0.00000,0.00000,0.00000,0.00000,12.01675,10.70863,
196.62000,10.79519,11.71745,0.39342,0.00000,0.00000,0.00000,0.00000,12.11087,10.79519,
196.42000,10.89011,11.59956,0.40670,0.00000,0.00000,0.00000,0.00000,12.00626,10.89011,
196.61000,11.00082,11.71157,0.39408,0.00000,0.00000,0.00000,0.00000,12.10565,11.00082,
196.41000,11.13618,11.59365,0.40737,0.00000,0.00000,0.00000,0.00000,12.00102,11.13618,
196.94000,11.29851,11.90405,0.37286,0.00000,0.00000,0.00000,0.00000,12.27691,11.29851,
196.96000,11.47700,11.91562,0.37161,0.00000,0.00000,0.00000,0.00000,12.28723,11.47700,
197.31000,11.64725,12.11630,0.35013,0.00000,0.00000,0.00000,0.00000,12.46644,11.64725,
197.20000,11.77739,12.05362,0.35678,0.00000,0.00000,0.00000,0.00000,12.41040,11.77739,
197.47000,11.83849,12.20679,0.34064,0.00000,0.00000,0.00000,0.00000,12.54743,11.83849,
197.65000,11.81680,12.30757,0.33020,0.00000,0.00000,0.00000,0.00000,12.63776,11.81680,
197.76000,11.72267,12.36859,0.32394,0.00000,0.00000,0.00000,0.00000,12.69253,11.72267,
197.51000,11.58905,12.22928,0.33830,0.00000,0.00000,0.00000,0.00000,12.56758,11.58905,
198.01000,11.45823,12.50560,0.31006,0.00000,0.00000,0.00000,0.00000,12.81566,11.45823,
198.00000,11.36432,12.50016,0.31061,0.00000,0.00000,0.00000,0.00000,12.81077,11.36432,
198.34000,11.32151,12.68259,0.29245,0.00000,0.00000,0.00000,0.00000,12.97505,11.32151,
198.22000,11.32292,12.61876,0.29876,0.00000,0.00000,0.00000,0.00000,12.91752,11.32292,
198.48000,11.34991,12.75626,0.28522,0.00000,0.00000,0.00000,0.00000,13.04148,11.34991,
198.66000,11.38651,12.84965,0.27614,0.00000,0.00000,0.00000,0.00000,13.12578,11.38651,
198.77000,11.43019,12.90595,0.27069,0.00000,0.00000,0.00000,0.00000,13.17665,11.43019,
198.51000,11.49250,12.77193,0.28369,0.00000,0.00000,0.00000,0.00000,13.05562,11.49250,
198.34000,11.58859,12.68259,0.29245,0.00000,0.00000,0.00000,0.00000,12.97505,11.58859,
198.89000,11.72278,12.96669,0.26486,0.00000,0.00000,0.00000,0.00000,13.23155,11.72278,
198.93000,11.88031,12.98677,0.26293,0.00000,0.00000,0.00000,0.00000,13.24971,11.88031,
198.62000,12.03186,12.82903,0.27814,0.00000,0.00000,0.00000,0.00000,13.10716,12.03186,
199.08000,12.14823,13.06134,0.25581,0.00000,0.00000,0.00000,0.00000,13.31716,12.14823,
199.39000,12.21627,13.21157,0.24159,0.00000,0.00000,0.00000,0.00000,13.45315,12.21627,
199.92000,12.24576,13.45527,0.21872,0.00000,0.00000,0.00000,0.00000,13.67399,12.24576,
199.62000,12.26337,13.31945,0.23144,0.00000,0.00000,0.00000,0.00000,13.55089,12.26337,
199.74000,12.29778,13.37446,0.22628,0.00000,0.00000,0.00000,0.00000,13.60074,12.29778,
200.16000,12.36509,13.55972,0.20895,0.00000,0.00000,0.00000,0.00000,13.76867,12.36509,
200.78000,12.46278,13.81075,0.18533,0.00000,0.00000,0.00000,0.00000,13.99607,12.46278,
200.85000,12.57533,13.83728,0.18280,0.00000,0.00000,0.00000,0.00000,14.02008,12.57533,
200.90000,12.68677,13.85600,0.18101,0.00000,0.00000,0.00000,0.00000,14.03701,12.68677,
201.27000,12.79031,13.98824,0.16822,0.00000,0.00000,0.00000,0.00000,14.15646,12.79031,
201.18000,12.88896,13.95711,0.17126,0.00000,0.00000,0.00000,0.00000,14.12837,12.88896,
201.12000,12.98905,13.93598,0.17331,0.00000,0.00000,0.00000,0.00000,14.10930,12.98905,
200.75000,13.09231,13.79926,0.18642,0.00000,0.00000,0.00000,0.00000,13.98568,13.09231,
200.83000,13.19236,13.82974,0.18352,0.00000,0.00000,0.00000,0.00000,14.01326,13.19236,
201.22000,13.27837,13.97103,0.16990,0.00000,0.00000,0.00000,0.00000,14.14093,13.27837,
201.48000,13.34295,14.05820,0.16129,0.00000,0.00000,0.00000,0.00000,14.21949,13.34295,
201.65000,13.38804,14.11201,0.15585,0.00000,0.00000,0.00000,0.00000,14.26787,13.38804,
201.77000,13.42455,14.14844,0.15211,0.00000,0.00000,0.00000,0.00000,14.30055,13.42455,
201.51000,13.46660,14.06788,0.16032,0.00000,0.00000,0.00000,0.00000,14.22820,13.46660,
201.68000,13.52486,14.12124,0.15491,0.00000,0.00000,0.00000,0.00000,14.27615,13.52486,
201.78000,13.60286,14.15142,0.15180,0.00000,0.00000,0.00000,0.00000,14.30321,13.60286,
201.86000,13.69747,14.17490,0.14934,0.00000,0.00000,0.00000,0.00000,14.32424,13.69747,
202.24000,13.80227,14.27819,0.13813,0.00000,0.00000,0.00000,0.00000,14.41632,13.80227,
202.16000,13.91076,14.25759,0.14043,0.00000,0.00000,0.00000,0.00000,14.39802,13.91076,
202.11000,14.01727,14.24441,0.14189,0.00000,0.00000,0.00000,0.00000,14.38629,14.01727,
202.07000,14.11682,14.23368,0.14306,0.00000,0.00000,0.00000,0.00000,14.37674,14.11682,
202.05000,14.20576,14.22826,0.14365,0.00000,0.00000,0.00000,0.00000,14.37191,14.20576,
202.03000,14.28281,14.22281,0.14424,0.00000,0.00000,0.00000,0.00000,14.36705,14.28281,
202.69000,14.34800,14.38211,0.12575,0.00000,0.00000,0.00000,0.00000,14.50787,14.34800,
202.79000,14.39981,14.40238,0.12313,0.00000,0.00000,0.00000,0.00000,14.52552,14.39981,
203.19000,14.43335,14.47277,0.11309,0.00000,0.00000,0.00000,0.00000,14.58585,14.43335,
203.46000,14.44132,14.51029,0.10670,0.00000,0.00000,0.00000,0.00000,14.61699,14.44132,
202.98000,14.41795,14.43798,0.11827,0.00000,0.00000,0.00000,0.00000,14.55625,14.41795,
202.98000,14.36444,14.43798,0.11827,0.00000,0.00000,0.00000,0.00000,14.55625,14.36444,
202.99000,14.29182,14.43974,0.11802,0.00000,0.00000,0.00000,0.00000,14.55776,14.29182,
202.66000,14.21887,14.37583,0.12655,0.00000,0.00000,0.00000,0.00000,14.50238,14.21887,
203.11000,14.16509,14.46008,0.11504,0.00000,0.00000,0.00000,0.00000,14.57512,14.16509,
203.74000,14.14168,14.54041,0.10039,0.00000,0.00000,0.00000,0.00000,14.64080,14.14168,
204.16000,14.14724,14.56818,0.09152,0.00000,0.00000,0.00000,0.00000,14.65970,14.14724,
204.44000,14.17073,14.57473,0.08597,0.00000,0.00000,0.00000,0.00000,14.66071,14.17073,
204.63000,14.19767,14.57358,0.08237,0.00000,0.00000,0.00000,0.00000,14.65596,14.19767,
204.42000,14.21523,14.57459,0.08636,0.00000,0.00000,0.00000,0.00000,14.66095,14.21523,
204.28000,14.21514,14.57218,0.08911,0.00000,0.00000,0.00000,0.00000,14.66129,14.21514,
204.19000,14.19495,14.56935,0.09091,0.00000,0.00000,0.00000,0.00000,14.66026,14.19495,
204.79000,14.15767,14.56904,0.07944,0.00000,0.00000,0.00000,0.00000,14.64848,14.15767,
205.19000,14.10991,14.54314,0.07249,0.00000,0.00000,0.00000,0.00000,14.61563,14.10991,
205.13000,14.05969,14.54836,0.07350,0.00000,0.00000,0.00000,0.00000,14.62186,14.05969,
205.42000,14.01509,14.51865,0.06873,0.00000,0.00000,0.00000,0.00000,14.58738,14.01509,
205.28000,13.98214,14.53440,0.07100,0.00000,0.00000,0.00000,0.00000,14.60540,13.98214,
205.19000,13.96196,14.54314,0.07249,0.00000,0.00000,0.00000,0.00000,14.61563,13.96196,
205.46000,13.95073,14.51367,0.06809,0.00000,0.00000,0.00000,0.00000,14.58176,13.95073,
205.97000,13.94295,14.43103,0.06040,0.00000,0.00000,0.00000,0.00000,14.49144,13.94295,
206.31000,13.93477,14.35598,0.05570,0.00000,0.00000,0.00000,0.00000,14.41168,13.93477,
206.54000,13.92477,14.29603,0.05269,0.00000,0.00000,0.00000,0.00000,14.34872,13.92477,
206.36000,13.91295,14.34358,0.05503,0.00000,0.00000,0.00000,0.00000,14.39861,13.91295,
206.57000,13.90000,14.28766,0.05231,0.00000,0.00000,0.00000,0.00000,14.33997,13.90000,
206.72000,13.88668,14.24389,0.05044,0.00000,0.00000,0.00000,0.00000,14.29433,13.88668,
206.81000,13.87295,14.21610,0.04934,0.00000,0.00000,0.00000,0.00000,14.26545,13.87295,
207.54000,13.85809,13.94805,0.04119,0.00000,0.00000,0.00000,0.00000,13.98924,13.85809,
207.69000,13.84255,13.88355,0.03966,0.00000,0.00000,0.00000,0.00000,13.92321,13.84255,
207.80000,13.82941,13.83421,0.03857,0.00000,0.00000,0.00000,0.00000,13.87278,13.82941,
207.86000,13.82281,13.80657,0.03799,0.00000,0.00000,0.00000,0.00000,13.84456,13.82281,
207.91000,13.82491,13.78314,0.03751,0.00000,0.00000,0.00000,0.00000,13.82065,13.82491,
207.94000,13.83373,13.76891,0.03723,0.00000,0.00000,0.00000,0.00000,13.80614,13.83373,
207.96000,13.84180,13.75936,0.03704,0.00000,0.00000,0.00000,0.00000,13.79640,13.84180,
207.97000,13.83548,13.75456,0.03694,0.00000,0.00000,0.00000,0.00000,13.79151,13.83548,
207.98000,13.79800,13.74975,0.03685,0.00000,0.00000,0.00000,0.00000,13.78660,13.79800,
208.32000,13.71845,13.57769,0.03377,0.00000,0.00000,0.00000,0.00000,13.61146,13.71845,
208.55000,13.60121,13.45206,0.03182,0.00000,0.00000,0.00000,0.00000,13.48389,13.60121,
208.70000,13.46691,13.36616,0.03060,0.00000,0.00000,0.00000,0.00000,13.39676,13.46691,
208.47000,13.34356,13.49660,0.03249,0.00000,0.00000,0.00000,0.00000,13.52909,13.34356,
208.64000,13.25382,13.40090,0.03109,0.00000,0.00000,0.00000,0.00000,13.43198,13.25382,
208.76000,13.20436,13.33092,0.03013,0.00000,0.00000,0.00000,0.00000,13.36105,13.20436,
208.84000,13.18255,13.28317,0.02950,0.00000,0.00000,0.00000,0.00000,13.31267,13.18255,
209.23000,13.16351,13.03785,0.02661,0.00000,0.00000,0.00000,0.00000,13.06446,13.16351,
209.49000,13.12458,12.86295,0.02482,0.00000,0.00000,0.00000,0.00000,12.88777,13.12458,
209.32000,13.05854,12.97833,0.02598,0.00000,0.00000,0.00000,0.00000,13.00431,13.05854,
209.55000,12.97564,12.82132,0.02443,0.00000,0.00000,0.00000,0.00000,12.84575,12.97564,
209.37000,12.89486,12.94479,0.02563,0.00000,0.00000,0.00000,0.00000,12.97042,12.89486,
209.24000,12.83236,13.03129,0.02654,0.00000,0.00000,0.00000,0.00000,13.05783,12.83236,
209.50000,12.79328,12.85604,0.02476,0.00000,0.00000,0.00000,0.00000,12.88080,12.79328,
209.66000,12.77073,12.74378,0.02371,0.00000,0.00000,0.00000,0.00000,12.76749,12.77073,
210.11000,12.75127,12.41046,0.02098,0.00000,0.00000,0.00000,0.00000,12.43143,12.75127,
210.07000,12.72191,12.44111,0.02121,0.00000,0.00000,0.00000,0.00000,12.46232,12.72191,
210.05000,12.67523,12.45637,0.02133,0.00000,0.00000,0.00000,0.00000,12.47769,12.67523,
210.37000,12.61054,12.20641,0.01953,0.00000,0.00000,0.00000,0.00000,12.22594,12.61054,
210.58000,12.53141,12.03571,0.01842,0.00000,0.00000,0.00000,0.00000,12.05413,12.53141,
211.05000,12.44214,11.63543,0.01614,0.00000,0.00000,0.00000,0.00000,11.65157,12.44214,
211.03000,12.34472,11.65296,0.01623,0.00000,0.00000,0.00000,0.00000,11.66919,12.34472,
210.69000,12.23722,11.94425,0.01786,0.00000,0.00000,0.00000,0.00000,11.96211,12.23722,
211.13000,12.11523,11.56489,0.01578,0.00000,0.00000,0.00000,0.00000,11.58066,12.11523,
211.42000,11.97486,11.30360,0.01452,0.00000,0.00000,0.00000,0.00000,11.31812,11.97486,
211.28000,11.81568,11.43081,0.01512,0.00000,0.00000,0.00000,0.00000,11.44593,11.81568,
211.52000,11.64323,11.21154,0.01411,0.00000,0.00000,0.00000,0.00000,11.22565,11.64323,
211.68000,11.46910,11.06224,0.01347,0.00000,0.00000,0.00000,0.00000,11.07572,11.46910,
211.45000,11.30677,11.27609,0.01440,0.00000,0.00000,0.00000,0.00000,11.29049,11.30677,
211.30000,11.16486,11.41276,0.01503,0.00000,0.00000,0.00000,0.00000,11.42779,11.16486,
211.53000,11.04196,11.20228,0.01407,0.00000,0.00000,0.00000,0.00000,11.21635,11.04196,
212.02000,10.92764,10.73717,0.01220,0.00000,0.00000,0.00000,0.00000,10.74937,10.92764,
212.35000,10.80899,10.41223,0.01107,0.00000,0.00000,0.00000,0.00000,10.42330,10.80899,
212.57000,10.67786,10.19091,0.01037,0.00000,0.00000,0.00000,0.00000,10.20128,10.67786,
212.04000,10.53469,10.71773,0.01213,0.00000,0.00000,0.00000,0.00000,10.72986,10.53469,
212.36000,10.38795,10.40225,0.01104,0.00000,0.00000,0.00000,0.00000,10.41329,10.38795,
212.58000,10.24927,10.18077,0.01034,0.00000,0.00000,0.00000,0.00000,10.19111,10.24927,
212.72000,10.12623,10.03803,0.00991,0.00000,0.00000,0.00000,0.00000,10.04794,10.12623,
213.14000,10.01750,9.60226,0.00873,0.00000,0.00000,0.00000,0.00000,9.61100,10.01750,
213.43000,9.91318,9.29561,0.00799,0.00000,0.00000,0.00000,0.00000,9.30360,9.91318,
213.29000,9.80000,9.44418,0.00834,0.00000,0.00000,0.00000,0.00000,9.45252,9.80000,
213.19000,9.66809,9.54970,0.00860,0.00000,0.00000,0.00000,0.00000,9.55830,9.66809,
213.46000,9.51568,9.26366,0.00792,0.00000,0.00000,0.00000,0.00000,9.27158,9.51568,
213.31000,9.35000,9.42302,0.00829,0.00000,0.00000,0.00000,0.00000,9.43131,9.35000,
213.87000,9.18469,8.82318,0.00697,0.00000,0.00000,0.00000,0.00000,8.83016,9.18469,
213.91000,9.03455,8.77988,0.00689,0.00000,0.00000,0.00000,0.00000,8.78677,9.03455,
214.61000,8.90941,8.01574,0.00552,0.00000,0.00000,0.00000,0.00000,8.02126,8.90941,
214.41000,8.80955,8.23501,0.00588,0.00000,0.00000,0.00000,0.00000,8.24089,8.80955,
214.60000,8.72550,8.02671,0.00554,0.00000,0.00000,0.00000,0.00000,8.03225,8.72550,
214.74000,8.64309,7.87299,0.00529,0.00000,0.00000,0.00000,0.00000,7.87829,8.64309,
214.49000,8.55045,8.14736,0.00573,0.00000,0.00000,0.00000,0.00000,8.15309,8.55045,
214.33000,8.44309,8.32255,0.00603,0.00000,0.00000,0.00000,0.00000,8.32859,8.44309,
214.55000,8.32514,8.08157,0.00563,0.00000,0.00000,0.00000,0.00000,8.08719,8.32514,
215.03000,8.20655,7.55436,0.00482,0.00000,0.00000,0.00000,0.00000,7.55918,8.20655,
215.36000,8.09700,7.19223,0.00433,0.00000,0.00000,0.00000,0.00000,7.19656,8.09700,
215.57000,7.99941,6.96255,0.00404,0.00000,0.00000,0.00000,0.00000,6.96659,7.99941,
215.71000,7.90727,6.80993,0.00386,0.00000,0.00000,0.00000,0.00000,6.81379,7.90727,
216.14000,7.80854,6.34468,0.00334,0.00000,0.00000,0.00000,0.00000,6.34802,7.80854,
216.10000,7.69332,6.38770,0.00339,0.00000,0.00000,0.00000,0.00000,6.39108,7.69332,
216.06000,7.56014,6.43077,0.00343,0.00000,0.00000,0.00000,0.00000,6.43420,7.56014,
215.71000,7.41786,6.80993,0.00386,0.00000,0.00000,0.00000,0.00000,6.81379,7.41786,
216.14000,7.28227,6.34468,0.00334,0.00000,0.00000,0.00000,0.00000,6.34802,7.28227,
216.43000,7.16873,6.03482,0.00303,0.00000,0.00000,0.00000,0.00000,6.03785,0.82700,
216.62000,7.08455,5.83393,0.00284,0.00000,0.00000,0.00000,0.00000,5.83677,0.73822,
216.41000,7.02500,6.05607,0.00305,0.00000,0.00000,0.00000,0.00000,6.05912,0.83678,
216.61000,6.97536,5.84446,0.00285,0.00000,0.00000,0.00000,0.00000,5.84731,0.74271,
216.74000,6.91773,5.70803,0.00272,0.00000,0.00000,0.00000,0.00000,5.71076,0.68595,
217.16000,6.83804,5.27409,0.00236,0.00000,0.00000,0.00000,0.00000,5.27645,0.52475,
217.11000,6.73068,5.32516,0.00240,0.00000,0.00000,0.00000,0.00000,5.32756,0.54224,
217.40000,6.59977,5.03138,0.00217,0.00000,0.00000,0.00000,0.00000,5.03355,0.44677,
217.60000,6.45714,4.83237,0.00202,0.00000,0.00000,0.00000,0.00000,4.83439,0.38897,
217.74000,6.31773,4.69493,0.00192,0.00000,0.00000,0.00000,0.00000,4.69685,0.35214,
217.82000,6.19446,4.61711,0.00187,0.00000,0.00000,0.00000,0.00000,4.61898,0.33237,
217.88000,6.09446,4.55910,0.00183,0.00000,0.00000,0.00000,0.00000,4.56093,0.31813,
217.92000,6.01809,4.52060,0.00180,0.00000,0.00000,0.00000,0.00000,4.52241,0.30892,
218.28000,5.95941,4.18048,0.00158,0.00000,0.00000,0.00000,0.00000,4.18206,0.23521,
218.19000,5.90727,4.26440,0.00164,0.00000,0.00000,0.00000,0.00000,4.26604,0.25214,
218.12000,5.84854,4.33020,0.00168,0.00000,0.00000,0.00000,0.00000,4.33187,0.26598,
218.42000,5.77295,4.05144,0.00151,0.00000,0.00000,0.00000,0.00000,4.05295,0.21073,
218.28000,5.67714,4.18048,0.00158,0.00000,0.00000,0.00000,0.00000,4.18206,0.23521,
218.85000,5.56545,3.66720,0.00129,0.00000,0.00000,0.00000,0.00000,3.66849,0.14820,
218.90000,5.44714,3.62375,0.00126,0.00000,0.00000,0.00000,0.00000,3.62501,0.14205,
219.27000,5.33168,3.31047,0.00110,0.00000,0.00000,0.00000,0.00000,3.31157,0.10282,
219.18000,5.22464,3.38531,0.00114,0.00000,0.00000,0.00000,0.00000,3.38645,0.11141,
219.45000,5.12523,3.16348,0.00103,0.00000,0.00000,0.00000,0.00000,3.16451,0.08731,
219.63000,5.02837,3.02013,0.00096,0.00000,0.00000,0.00000,0.00000,3.02109,0.07383,
219.42000,4.93064,3.18772,0.00104,0.00000,0.00000,0.00000,0.00000,3.18877,0.08975,
219.28000,4.83573,3.30221,0.00110,0.00000,0.00000,0.00000,0.00000,3.30331,0.10191,
219.52000,4.75418,3.10729,0.00100,0.00000,0.00000,0.00000,0.00000,3.10830,0.08184,
219.68000,4.69682,2.98096,0.00094,0.00000,0.00000,0.00000,0.00000,2.98191,0.07042,
219.79000,4.66705,2.89581,0.00091,0.00000,0.00000,0.00000,0.00000,2.89672,0.06337,
219.86000,4.65714,2.84236,0.00088,0.00000,0.00000,0.00000,0.00000,2.84324,0.05921,
220.24000,4.65045,2.56218,0.00076,0.00000,0.00000,0.00000,0.00000,2.56295,0.04047,
220.49000,4.62868,2.38720,0.00069,0.00000,0.00000,0.00000,0.00000,2.38790,0.03115,
221.00000,4.58059,2.05355,0.00057,0.00000,0.00000,0.00000,0.00000,2.05411,0.01774,
221.00000,4.50759,2.05355,0.00057,0.00000,0.00000,0.00000,0.00000,2.05411,0.01774,
221.00000,4.42236,2.05355,0.00057,0.00000,0.00000,0.00000,0.00000,2.05411,0.01774,
221.00000,4.34073,2.05355,0.00057,0.00000,0.00000,0.00000,0.00000,2.05411,0.01774,
221.00000,4.27250,2.05355,0.00057,0.00000,0.00000,0.00000,0.00000,2.05411,0.01774,
221.67000,4.21786,1.66284,0.00043,0.00000,0.00000,0.00000,0.00000,1.66328,0.00796,
221.78000,4.16955,1.60383,0.00042,0.00000,0.00000,0.00000,0.00000,1.60424,0.00693,
221.85000,4.11832,1.56702,0.00040,0.00000,0.00000,0.00000,0.00000,1.56742,0.00633,
221.57000,4.05832,1.71774,0.00045,0.00000,0.00000,0.00000,0.00000,1.71820,0.00901,
221.71000,3.98991,1.64122,0.00043,0.00000,0.00000,0.00000,0.00000,1.64165,0.00757,
221.81000,3.91941,1.58798,0.00041,0.00000,0.00000,0.00000,0.00000,1.58839,0.00667,
221.87000,3.85509,1.55661,0.00040,0.00000,0.00000,0.00000,0.00000,1.55701,0.00617,
221.91000,3.80205,1.53592,0.00039,0.00000,0.00000,0.00000,0.00000,1.53632,0.00586,
222.28000,3.75932,1.35346,0.00034,0.00000,0.00000,0.00000,0.00000,1.35380,0.00359,
222.52000,3.72031,1.24351,0.00031,0.00000,0.00000,0.00000,0.00000,1.24381,0.00257,
222.68000,3.67568,1.17380,0.00029,0.00000,0.00000,0.00000,0.00000,1.17409,0.00205,
222.79000,3.61705,1.12752,0.00027,0.00000,0.00000,0.00000,0.00000,1.12779,0.00175,
222.86000,3.54045,1.09875,0.00027,0.00000,0.00000,0.00000,0.00000,1.09902,0.00158,
222.90000,3.44877,1.08256,0.00026,0.00000,0.00000,0.00000,0.00000,1.08282,0.00149,
222.94000,3.35160,1.06653,0.00026,0.00000,0.00000,0.00000,0.00000,1.06679,0.00140,
222.96000,3.26182,1.05858,0.00026,0.00000,0.00000,0.00000,0.00000,1.05884,0.00136,
222.97000,3.19045,1.05462,0.00025,0.00000,0.00000,0.00000,0.00000,1.05488,0.00134,
223.31000,3.14182,0.92633,0.00022,0.00000,0.00000,0.00000,0.00000,0.92655,0.00080,
223.88000,3.11196,0.73753,0.00017,0.00000,0.00000,0.00000,0.00000,0.73771,0.00032,
224.25000,3.09104,0.63150,0.00015,0.00000,0.00000,0.00000,0.00000,0.63165,0.00017,
224.17000,3.06795,0.65338,0.00015,0.00000,0.00000,0.00000,0.00000,0.65353,0.00019,
224.11000,3.03491,0.67016,0.00016,0.00000,0.00000,0.00000,0.00000,0.67032,0.00021,
224.41000,2.99059,0.58943,0.00014,0.00000,0.00000,0.00000,0.00000,0.58957,0.00013,
224.27000,2.94045,0.62612,0.00015,0.00000,0.00000,0.00000,0.00000,0.62627,0.00016,
224.51000,2.89396,0.56425,0.00013,0.00000,0.00000,0.00000,0.00000,0.56439,0.00010,
224.34000,2.85991,0.60756,0.00014,0.00000,0.00000,0.00000,0.00000,0.60771,0.00014,
224.56000,2.84323,0.55198,0.00013,0.00000,0.00000,0.00000,0.00000,0.55211,0.00010,
224.71000,2.84432,0.51639,0.00012,0.00000,0.00000,0.00000,0.00000,0.51651,0.00007,
224.81000,2.85977,0.49367,0.00012,0.00000,0.00000,0.00000,0.00000,0.49379,0.00006,
225.20000,2.88295,0.41243,0.00010,0.00000,0.00000,0.00000,0.00000,0.41252,0.00003,
225.14000,2.90464,0.42419,0.00010,0.00000,0.00000,0.00000,0.00000,0.42429,0.00003,
225.42000,2.91523,0.37149,0.00009,0.00000,0.00000,0.00000,0.00000,0.37157,0.00002,
225.62000,2.90818,0.33713,0.00008,0.00000,0.00000,0.00000,0.00000,0.33721,0.00001,
225.74000,2.88236,0.31777,0.00008,0.00000,0.00000,0.00000,0.00000,0.31785,0.00001,
225.83000,2.84286,0.30385,0.00007,0.00000,0.00000,0.00000,0.00000,0.30392,0.00001,
225.89000,2.79977,0.29484,0.00007,0.00000,0.00000,0.00000,0.00000,0.29491,0.00001,
225.92000,2.76405,0.29042,0.00007,0.00000,0.00000,0.00000,0.00000,0.29048,0.00001,
226.28000,2.74214,0.24140,0.00006,0.00000,0.00000,0.00000,0.00000,0.24145,0.00000,
226.19000,2.73227,0.25297,0.00006,0.00000,0.00000,0.00000,0.00000,0.25303,0.00000,
226.46000,2.72500,0.21954,0.00005,0.00000,0.00000,0.00000,0.00000,0.21960,0.00000,
226.64000,2.70891,0.19934,0.00005,0.00000,0.00000,0.00000,0.00000,0.19939,0.00000,
226.76000,2.67823,0.18673,0.00005,0.00000,0.00000,0.00000,0.00000,0.18678,0.00000,
226.84000,2.63778,0.17870,0.00005,0.00000,0.00000,0.00000,0.00000,0.17875,0.00000,
226.89000,2.60300,0.17383,0.00004,0.00000,0.00000,0.00000,0.00000,0.17387,0.00000,
226.93000,2.59373,0.17001,0.00004,0.00000,0.00000,0.00000,0.00000,0.17005,0.00000,
226.95000,2.62410,0.16813,0.00004,0.00000,0.00000,0.00000,0.00000,0.16817,0.00000,
226.97000,2.69455,0.16626,0.00004,0.00000,0.00000,0.00000,0.00000,0.16630,0.00000,
227.31000,2.78964,0.13707,0.00004,0.00000,0.00000,0.00000,0.00000,0.13711,0.00000,
227.21000,2.88391,0.14518,0.00004,0.00000,0.00000,0.00000,0.00000,0.14521,0.00000,
227.14000,2.95368,0.15108,0.00004,0.00000,0.00000,0.00000,0.00000,0.15112,0.00000,
227.43000,2.98686,0.12785,0.00003,0.00000,0.00000,0.00000,0.00000,0.12789,0.00000,
227.62000,2.98526,0.11432,0.00003,0.00000,0.00000,0.00000,0.00000,0.11435,0.00000,
227.74000,2.95950,0.10641,0.00003,0.00000,0.00000,0.00000,0.00000,0.10644,0.00000,
227.50000,2.92000,0.12272,0.00003,0.00000,0.00000,0.00000,0.00000,0.12275,0.00000,
228.00000,2.87099,0.09084,0.00003,0.00000,0.00000,0.00000,0.00000,0.09086,0.00000,
228.67000,2.81118,0.05933,0.00002,0.00000,0.00000,0.00000,0.00000,0.05935,0.00000,
228.78000,2.73938,0.05518,0.00002,0.00000,0.00000,0.00000,0.00000,0.05519,0.00000,
228.85000,2.66155,0.05267,0.00002,0.00000,0.00000,0.00000,0.00000,0.05268,0.00000,
228.90000,2.59273,0.05094,0.00002,0.00000,0.00000,0.00000,0.00000,0.05095,0.00000,
229.27000,2.55070,0.03958,0.00001,0.00000,0.00000,0.00000,0.00000,0.03959,0.00000,
229.51000,2.54769,0.03345,0.00001,0.00000,0.00000,0.00000,0.00000,0.03346,0.00000,
229.01000,2.58609,0.04730,0.00002,0.00000,0.00000,0.00000,0.00000,0.04731,0.00000,
229.34000,2.65960,0.03770,0.00001,0.00000,0.00000,0.00000,0.00000,0.03771,0.00000,
229.56000,2.75792,0.03228,0.00001,0.00000,0.00000,0.00000,0.00000,0.03229,0.00000,
229.37000,2.87045,0.03692,0.00001,0.00000,0.00000,0.00000,0.00000,0.03693,0.00000,
229.58000,2.98663,0.03182,0.00001,0.00000,0.00000,0.00000,0.00000,0.03184,0.00000,
229.72000,3.09413,0.02878,0.00001,0.00000,0.00000,0.00000,0.00000,0.02879,0.00000,
229.81000,3.17753,0.02696,0.00001,0.00000,0.00000,0.00000,0.00000,0.02697,0.00000,
229.54000,3.22135,0.03274,0.00001,0.00000,0.00000,0.00000,0.00000,0.03276,0.00000,
229.70000,3.21736,0.02920,0.00001,0.00000,0.00000,0.00000,0.00000,0.02921,0.00000,
230.13000,3.16995,0.02128,0.00001,0.00000,0.00000,0.00000,0.00000,0.02129,0.00000,
230.42000,3.09517,0.01707,0.00001,0.00000,0.00000,0.00000,0.00000,0.01707,0.00000,
230.61000,3.01359,0.01472,0.00001,0.00000,0.00000,0.00000,0.00000,0.01473,0.00000,
230.74000,2.94146,0.01329,0.00001,0.00000,0.00000,0.00000,0.00000,0.01329,0.00000,
230.83000,2.88582,0.01237,0.00001,0.00000,0.00000,0.00000,0.00000,0.01237,0.00000,
230.55000,2.84528,0.01543,0.00001,0.00000,0.00000,0.00000,0.00000,0.01544,0.00000,
230.70000,2.81483,0.01372,0.00001,0.00000,0.00000,0.00000,0.00000,0.01372,0.00000,
231.13000,2.79118,0.00970,0.00001,0.00000,0.00000,0.00000,0.00000,0.00970,0.00000,
231.42000,2.77500,0.00762,0.00000,0.00000,0.00000,0.00000,0.00000,0.00762,0.00000,
231.62000,2.76946,0.00643,0.00000,0.00000,0.00000,0.00000,0.00000,0.00643,0.00000,
231.74000,2.77764,0.00579,0.00000,0.00000,0.00000,0.00000,0.00000,0.00580,0.00000,
231.83000,2.80023,0.00536,0.00000,0.00000,0.00000,0.00000,0.00000,0.00536,0.00000,
231.55000,2.83455,0.00682,0.00000,0.00000,0.00000,0.00000,0.00000,0.00683,0.00000,
231.70000,2.87514,0.00600,0.00000,0.00000,0.00000,0.00000,0.00000,0.00600,0.00000,
231.80000,2.91545,0.00550,0.00000,0.00000,0.00000,0.00000,0.00000,0.00550,0.00000,
232.20000,2.94986,0.00385,0.00000,0.00000,0.00000,0.00000,0.00000,0.00386,0.00000,
232.47000,2.97536,0.00301,0.00000,0.00000,0.00000,0.00000,0.00000,0.00301,0.00000,
232.31000,2.99250,0.00349,0.00000,0.00000,0.00000,0.00000,0.00000,0.00349,0.00000,
232.21000,3.00486,0.00382,0.00000,0.00000,0.00000,0.00000,0.00000,0.00382,0.00000,
232.47000,3.01750,0.00301,0.00000,0.00000,0.00000,0.00000,0.00000,0.00301,0.00000,
232.65000,3.03491,0.00254,0.00000,0.00000,0.00000,0.00000,0.00000,0.00255,0.00000,
232.43000,3.05977,0.00312,0.00000,0.00000,0.00000,0.00000,0.00000,0.00313,0.00000,
232.29000,3.09273,0.00355,0.00000,0.00000,0.00000,0.00000,0.00000,0.00355,0.00000,
232.86000,3.13227,0.00208,0.00000,0.00000,0.00000,0.00000,0.00000,0.00209,0.00000,
233.24000,3.17477,0.00144,0.00000,0.00000,0.00000,0.00000,0.00000,0.00144,0.00000,
233.16000,3.21582,0.00156,0.00000,0.00000,0.00000,0.00000,0.00000,0.00156,0.00000,
233.44000,3.25214,0.00118,0.00000,0.00000,0.00000,0.00000,0.00000,0.00118,0.00000,
233.29000,3.28286,0.00137,0.00000,0.00000,0.00000,0.00000,0.00000,0.00137,0.00000,
233.53000,3.31036,0.00108,0.00000,0.00000,0.00000,0.00000,0.00000,0.00108,0.00000,
233.69000,3.33941,0.00091,0.00000,0.00000,0.00000,0.00000,0.00000,0.00091,0.00000,
234.12000,3.37464,0.00058,0.00000,0.00000,0.00000,0.00000,0.00000,0.00058,0.00000,
234.42000,3.41786,0.00042,0.00000,0.00000,0.00000,0.00000,0.00000,0.00042,0.00000,
234.28000,3.46705,0.00049,0.00000,0.00000,0.00000,0.00000,0.00000,0.00049,0.00000,
234.52000,3.51773,0.00038,0.00000,0.00000,0.00000,0.00000,0.00000,0.00038,0.00000,
234.68000,3.56545,0.00031,0.00000,0.00000,0.00000,0.00000,0.00000,0.00031,0.00000,
234.79000,3.60655,0.00028,0.00000,0.00000,0.00000,0.00000,0.00000,0.00028,0.00000,
234.86000,3.63795,0.00026,0.00000,0.00000,0.00000,0.00000,0.00000,0.00026,0.00000,
234.90000,3.65795,0.00024,0.00000,0.00000,0.00000,0.00000,0.00000,0.00025,0.00000,
235.27000,3.66727,0.00016,0.00000,0.00000,0.00000,0.00000,0.00000,0.00016,0.00000,
235.51000,3.67036,0.00012,0.00000,0.00000,0.00000,0.00000,0.00000,0.00012,0.00000,
235.68000,3.67500,0.00010,0.00000,0.00000,0.00000,0.00000,0.00000,0.00010,0.00000,
234.12000,3.68882,0.00058,0.00000,0.00000,0.00000,0.00000,0.00000,0.00058,0.00000,
234.74000,3.71500,0.00029,0.00000,0.00000,0.00000,0.00000,0.00000,0.00029,0.00000,
235.16000,3.75000,0.00018,0.00000,0.00000,0.00000,0.00000,0.00000,0.00018,0.00000,
235.11000,3.78500,0.00019,0.00000,0.00000,0.00000,0.00000,0.00000,0.00019,0.00000,
235.41000,3.81118,0.00013,0.00000,0.00000,0.00000,0.00000,0.00000,0.00014,0.00000,
235.94000,3.82536,0.00007,0.00000,0.00000,0.00000,0.00000,0.00000,0.00007,0.00000,
236.29000,3.83191,0.00005,0.00000,0.00000,0.00000,0.00000,0.00000,0.00005,0.00000,
236.53000,3.83986,0.00003,0.00000,0.00000,0.00000,0.00000,0.00000,0.00003,0.00000,
236.69000,3.85727,0.00003,0.00000,0.00000,0.00000,0.00000,0.00000,0.00003,0.00000,
236.46000,3.88719,0.00004,0.00000,0.00000,0.00000,0.00000,0.00000,0.00004,0.00000,
236.64000,3.92786,0.00003,0.00000,0.00000,0.00000,0.00000,0.00000,0.00003,0.00000,
236.76000,3.97559,0.00002,0.00000,0.00000,0.00000,0.00000,0.00000,0.00002,0.00000,
236.84000,4.02705,0.00002,0.00000,0.00000,0.00000,0.00000,0.00000,0.00002,0.00000,
237.23000,4.07964,0.00001,0.00000,0.00000,0.00000,0.00000,0.00000,0.00001,0.00000,
237.48000,4.13068,0.00001,0.00000,0.00000,0.00000,0.00000,0.00000,0.00001,0.00000,
237.66000,4.17727,0.00001,0.00000,0.00000,0.00000,0.00000,0.00000,0.00001,0.00000,
237.77000,4.21727,0.00001,0.00000,0.00000,0.00000,0.00000,0.00000,0.00001,0.00000,
237.85000,4.25104,0.00001,0.00000,0.00000,0.00000,0.00000,0.00000,0.00001,0.00000,
237.90000,4.28227,0.00000,0.00000,0.00000,0.00000,0.00000,0.00000,0.00000,0.00000,
237.93000,4.31646,0.00000,0.00000,0.00000,0.00000,0.00000,0.00000,0.00000,0.00000,
237.95000,4.35795,0.00000,0.00000,0.00000,0.00000,0.00000,0.00000,0.00000,0.00000,
237.97000,4.40714,0.00000,0.00000,0.00000,0.00000,0.00000,0.00000,0.00000,0.00000,
237.98000,4.45955,0.00000,0.00000,0.00000,0.00000,0.00000,0.00000,0.00000,0.00000,
237.99000,4.50832,0.00000,0.00000,0.00000,0.00000,0.00000,0.00000,0.00000,0.00000,
238.32000,4.54759,0.00000,0.00000,0.00000,0.00000,0.00000,0.00000,0.00000,0.00000,
238.22000,4.57500,0.00000,0.00000,0.00000,0.00000,0.00000,0.00000,0.00000,0.00000,
238.14000,4.59286,0.00000,0.00000,0.00000,0.00000,0.00000,0.00000,0.00000,0.00000,
238.10000,4.60750,0.00000,0.00000,0.00000,0.00000,0.00000,0.00000,0.00000,0.00000,
238.40000,4.62727,0.00000,0.00000,0.00000,0.00000,0.00000,0.00000,0.00000,0.00000,
238.60000,4.65955,0.00000,0.00000,0.00000,0.00000,0.00000,0.00000,0.00000,0.00000,
238.73000,4.70727,0.00000,0.00000,0.00000,0.00000,0.00000,0.00000,0.00000,0.00000,
239.15000,4.76714,0.00000,0.00000,0.00000,0.00000,0.00000,0.00000,0.00000,0.00000,
239.44000,4.82986,0.00000,0.00000,0.00000,0.00000,0.00000,0.00000,0.00000,0.00000,
239.62000,4.88295,0.00000,0.00000,0.00000,0.00000,0.00000,0.00000,0.00000,0.00000,
239.08000,4.91545,0.00000,0.00000,0.00000,0.00000,0.00000,0.00000,0.00000,0.00000,
239.06000,4.92222,0.00000,0.00000,0.00000,0.00000,0.00000,0.00000,0.00000,0.00000,
239.70000,4.90531,0.00000,0.00000,0.00000,0.00000,0.00000,0.00000,0.00000,0.00000,
240.14000,4.87250,0.00000,0.00000,0.00000,0.00000,0.00000,0.00000,0.00000,0.00000,
240.42000,4.83418,0.00000,0.00000,0.00000,0.00000,0.00000,0.00000,0.00000,0.00000,
